attribute_name,dimension
product_code,product
product_description,product
store_code,store
store_description,store
merchandise_category,product
planning_ownership,product
l0_name,product
l1_name,product
l2_name,product
product_channel_name,product
channel,store
state,store
district,store
city,store
store_name,store
store_code_name,store
store_channel_description,store
fom_first_weekly_predicted_qty,forecast_over_max
fom_second_weekly_predicted_qty,forecast_over_max
fom_third_weekly_predicted_qty,forecast_over_max
fom_fourth_weekly_predicted_qty,forecast_over_max
fom_next_4_weeks_predicted_qty,forecast_over_max
fom_max_stock,forecast_over_max
fom_store_grade,forecast_over_max
fom_is_resolved,forecast_over_max
msviaf_min,ms_vs_ia_forecast
msviaf_max,ms_vs_ia_forecast
msviaf_wos,ms_vs_ia_forecast
msviaf_model_stock,ms_vs_ia_forecast
msviaf_fiscal_year_week,ms_vs_ia_forecast
msviaf_ia_forecast_2weeks,ms_vs_ia_forecast
msviaf_adjusted_forecast_2weeks,ms_vs_ia_forecast
msviaf_ia_forecast_4weeks,ms_vs_ia_forecast
msviaf_adjusted_forecast_4weeks,ms_vs_ia_forecast
msviaf_last_week_min_model_stock,ms_vs_ia_forecast
msviaf_product_description,ms_vs_ia_forecast
msviaf_store_description,ms_vs_ia_forecast
msviaf_store_grade,ms_vs_ia_forecast
msviaf_is_resolved,ms_vs_ia_forecast
ms_date,model_stock
ms_fiscal_week_end_date,model_stock
ms_fiscal_year_week,model_stock
ms_min,model_stock
ms_max,model_stock
ms_wos,model_stock
ms_ia_forecasts_store_wos,model_stock
ms_adjusted_forecasts_store_wos,model_stock
ms_model_stock,model_stock
ms_constrained_flag,model_stock
ms_sku_store_constrained_flag,model_stock
ms_store_inventory,model_stock
ms_dc_oh,model_stock
ms_is_resolved,model_stock
ci_date,constrained_inventory
ci_fiscal_year_week,constrained_inventory
ci_wos,constrained_inventory
ci_adjusted_forecasts_store_wos,constrained_inventory
ci_max,constrained_inventory
ci_min,constrained_inventory
ci_model_stock,constrained_inventory
ci_store_inventory,constrained_inventory
ci_dc_oh,constrained_inventory
ci_next_4_weeks_forecast,constrained_inventory
ci_sku_store_constrained_flag,constrained_inventory
ci_is_resolved,constrained_inventory
