screen_code,screen_name,is_active,description,dimensions,application,label
48,Inventorysmart ADA Dashboard,TRUE,,"{product,store}",{1},
49,Product Profile,TRUE,,"{product,store}",{1},
50,Create Product Profile,TRUE,,"{product,store}",{1},
51,InventoryDashboard,TRUE,inventory smart dashboard,"{product,store,sales}",{1},
53,Inventorysmart Product Rules Old,TRUE,,{product},{1},
54,Inventorysmart Product Rules,TRUE,,{},{1},
55,Allocation,TRUE,,"{product,store,sales}",{1},
56,Inventorysmart Constraints,TRUE,,{},{1},
61,Inventorysmart Order Triaging,TRUE,inventory smart order triaging,"{product,store}",{1},
62,Inventorysmart Reportings,TRUE,inventory report,"{product,store}",{1},
63,Inventorysmart View Past Allocations,TRUE,Inventory smart View past allocations screen,"{product,store}",{1},
71,Inventorysmart Store Stock Drill Down,TRUE,Store stock drill down,"{product,store}",{1},
72,Inventorysmart Store Eligibility Group,TRUE,,"{product,store}",{1},
73,Inventorysmart Configurations,TRUE,Inventorysmart Configuration Configs,"{product,store}",{1},
74,Inventorysmart ADA Dashboard,TRUE,,"{product,store}",{1},
76,Inventorysmart Oms Order Management,TRUE,The Order Managment Screen of inventory smart OMS,{product},{1},
77,Inventorysmart Configurations New Store,TRUE,,{product},{1},
78,Inventorysmart Oms Constraints,TRUE,Inventorysmart Oms Constraints,{product},{1},
79,Oms Create Order,TRUE,Oms Create Order Screen,{product},{1},
80,Inventorysmart Daily Allocation Reports,TRUE,daily allocation summary reports,"{product,store}",{1},
88,InventorySmart OMS Approval screen,TRUE,Approval flow screen,{product},{1},
89,Inventorysmart Oms Configurations,TRUE,Inventorysmart Oms Constraints,{product},{1},
90,Inventorysmart Oms Reporting,TRUE,OMS reporting screen,{product},{1},
104,Inventorysmart Configurations New Store,TRUE,,{store},{1},
106,New Store Demand And Constraint,TRUE,,"{product,store}",{1},
107,New Store Sister Store,TRUE,,"{product,store}",{1},
180,Inventorysmart Product Eligibility Group,TRUE,,"{product,store}",{1},
181,Inventorysmart Product Status,TRUE,,{product},{1},
182,Inventorysmart Product Mapping,TRUE,,{product},{1},
183,Inventorysmart Store Status,TRUE,,{store},{1},
184,Inventorysmart Store Mapping,TRUE,,{store},{1},
185,Inventorysmart DC Status,TRUE,,{store},{1},
186,Inventorysmart DC Store Mapping,TRUE,,{store},{1},
83,Inventorysmart Constraints User Reserve,TRUE,,{product},{1},
84,New Store Demand And Constraint Add Products,TRUE,,"{product,store}",{1},
85,Inventorysmart Constraints SMA,TRUE,,{product},{1},
316,Rules Constraints,TRUE,rules constraints,"{product,store}",{1},
317,Exception Constraints,TRUE,exception filters,"{product,store}",{1},
65,Product Profile User,TRUE,Product Profile User Created Dashbaord,"{product,store}",{1},
75,Inventorysmart Oms Order Repository,TRUE,The Order Managment Screen of OMS module of inventory smart,{},{1},
325,DC-Store-Policy-Strategy,TRUE,DC-Store-Policy-Strategy,"{product,store}",{1},
4004,DC-Store Policy,TRUE,Rcl dc store policy,{},{1},
10071,Excess Inventory Report Filters,TRUE,Excess Inventory Report,"{product,store}",{1},
323,Excess Inventory Report Filters,TRUE,Excess Inventory Report,"{product,store}",{1},
321,Report Lost Sales,TRUE,lost sales report,"{product,store}",{1},
11005,Inventorysmart Create Rules Constraints,TRUE,Inventorysmart Create Rules Constraints,{},{1},
1400,Chatbot,TRUE,Chatbot screen,{},{1},
4006,Inventorysmart Create Rules Constraints,TRUE,Inventorysmart Create Rules Constraints,{product},{1},