"id","week_id","event_name","event_additional_info","ly_comparable","lly_comparable"
1,202201,No Event,"",202101,202001
2,202202,No Event,"",202102,202002
3,202203,No Event,"",202103,202003
4,202204,No Event,"",202104,202004
5,202205,No Event,"",202105,202005
6,202206,No Event,"",202106,202006
7,202207,No Event,"",202107,202007
8,202208,No Event,"",202108,202008
9,202209,No Event,"",202109,202009
10,202210,No Event,"",202110,202010
11,202211,No Event,"",202111,202011
12,202212,No Event,"",202112,202012
13,202213,No Event,"",202113,202013
14,202214,No Event,"",202114,202014
15,202215,No Event,"",202115,202015
16,202216,No Event,"",202116,202016
17,202217,No Event,"",202117,202017
18,202218,No Event,"",202118,202018
19,202219,ARITZIA CLIENTELE - SUMMER,"",202119,202019
20,202220,ARITZIA CLIENTELE - SUMMER,"",202120,202020
21,202221,No Event,"",202121,202021
22,202222,No Event,"",202122,202022
23,202223,No Event,"",202123,202023
24,202224,No Event,"",202124,202024
25,202225,No Event,"",202125,202025
26,202226,No Event,"",202126,202026
27,202227,No Event,"",202127,202027
28,202228,No Event,"",202128,202028
29,202229,No Event,"",202129,202029
30,202230,No Event,"",202130,202030
31,202231,No Event,"",202131,202031
32,202232,ARITZIA CLIENTELE - WINTER,"",202132,202032
33,202233,No Event,"",202133,202033
34,202234,No Event,"",202134,202034
35,202235,No Event,"",202135,202035
36,202236,No Event,"",202136,202036
37,202237,No Event,"",202137,202037
38,202238,ARITZIA CLIENTELE - WINTER,"",202138,202038
39,202239,No Event,"",202139,202039
40,202240,No Event,"",202140,202040
41,202241,No Event,"",202141,202041
42,202242,ARITZIA CLIENTELE - WINTER,"",202142,202042
43,202243,ARITZIA B5D - WINTER,"",202143,202043
44,202244,ARITZIA B5D - WINTER,"",202144,202044
45,202245,No Event,"",202145,202045
46,202246,No Event,"",202146,202046
47,202247,ARITZIA WINTER SALE - CO,"",202147,202047
48,202248,ARITZIA WINTER SALE - CO,"",202148,202048
49,202249,No Event,"",202149,202049
50,202250,No Event,"",202150,202050
51,202251,No Event,"",202151,202051
52,202252,No Event,"",202152,202052
53,202301,No Event,"",202201,202101
54,202302,No Event,"",202202,202102
55,202303,No Event,"",202203,202103
56,202304,No Event,"",202204,202104
57,202305,No Event,"",202205,202105
58,202306,No Event,"",202206,202106
59,202307,No Event,"",202207,202107
60,202308,No Event,"",202208,202108
61,202309,No Event,"",202209,202109
62,202310,No Event,"",202210,202110
63,202311,No Event,"",202211,202111
64,202312,No Event,"",202212,202112
65,202313,No Event,"",202213,202113
66,202314,No Event,"",202214,202114
67,202315,No Event,"",202215,202115
68,202316,No Event,"",202216,202116
69,202317,No Event,"",202217,202117
70,202318,No Event,"",202218,202118
71,202319,ARITZIA CLIENTELE - SUMMER,"",202219,202119
72,202320,ARITZIA CLIENTELE - SUMMER,"",202220,202120
73,202321,ARITZIA SUMMER SALE - CO,"",202221,202121
74,202322,ARITZIA SUMMER SALE - CO,"",202222,202122
75,202323,ARITZIA SUMMER SALE - CO,"",202223,202123
76,202324,ARITZIA SUMMER SALE - CO,"",202224,202124
77,202325,ARITZIA SUMMER SALE - CO,"",202225,202125
78,202326,ARITZIA SUMMER SALE - CO,"",202226,202126
79,202327,ARITZIA SUMMER SALE - CO,"",202227,202127
80,202328,No Event,"",202228,202128
81,202329,No Event,"",202229,202129
82,202330,No Event,"",202230,202130
83,202331,No Event,"",202231,202131
84,202332,No Event,"",202232,202132
85,202333,No Event,"",202233,202133
86,202334,No Event,"",202234,202134
87,202335,No Event,"",202235,202135
88,202336,No Event,"",202236,202136
89,202337,No Event,"",202237,202137
90,202338,No Event,"",202238,202138
91,202339,No Event,"",202239,202139
92,202340,No Event,"",202240,202140
93,202341,No Event,"",202241,202141
94,202342,ARITZIA CLIENTELE - WINTER,"",202242,202142
95,202343,ARITZIA B5D - WINTER,"",202243,202143
96,202344,ARITZIA B5D - WINTER,"",202244,202144
97,202345,No Event,"",202245,202145
98,202346,No Event,"",202246,202146
99,202347,ARITZIA WINTER SALE - CO,"",202247,202147
100,202348,ARITZIA WINTER SALE - CO,"",202248,202148
101,202349,ARITZIA WINTER SALE - CO,"",202249,202149
102,202350,No Event,"",202250,202150
103,202351,No Event,"",202251,202151
104,202352,No Event,"",202252,202152
105,202400,No Event,"",202300,202200
106,202401,No Event,"",202301,202201
107,202402,No Event,"",202302,202202
108,202403,No Event,"",202303,202203
109,202404,No Event,"",202304,202204
110,202405,No Event,"",202305,202205
111,202406,No Event,"",202306,202206
112,202407,No Event,"",202307,202207
113,202408,No Event,"",202308,202208
114,202409,No Event,"",202309,202209
115,202410,No Event,"",202310,202210
116,202411,No Event,"",202311,202211
117,202412,No Event,"",202312,202212
118,202413,No Event,"",202313,202213
119,202414,No Event,"",202314,202214
120,202415,No Event,"",202315,202215
121,202416,ARITZIA - INTO THE SUN (ITS),"",202316,202216
122,202417,ARITZIA - INTO THE SUN (ITS),"",202317,202217
123,202418,No Event,"",202318,202218
124,202419,ARITZIA CLIENTELE - SUMMER,"",202319,202219
125,202420,ARITZIA CLIENTELE - SUMMER,"",202320,202220
126,202421,ARITZIA SUMMER SALE - CO,"",202321,202221
127,202422,ARITZIA SUMMER SALE - CO,"",202322,202222
128,202423,ARITZIA SUMMER SALE - CO,"",202323,202223
129,202424,ARITZIA SUMMER SALE - CO,"",202324,202224
130,202425,ARITZIA SUMMER SALE - CO,"",202325,202225
131,202426,ARITZIA SUMMER SALE - CO,"",202326,202226
132,202427,ARITZIA SUMMER SALE - CO,"",202327,202227
133,202428,No Event,"",202328,202228
134,202429,No Event,"",202329,202229
135,202430,No Event,"",202330,202230
136,202431,No Event,"",202331,202231
137,202432,No Event,"",202332,202232
138,202433,No Event,"",202333,202233
139,202434,No Event,"",202334,202234
140,202435,No Event,"",202335,202235
141,202436,No Event,"",202336,202236
142,202437,No Event,"",202337,202237
143,202438,No Event,"",202338,202238
144,202439,No Event,"",202339,202239
145,202440,No Event,"",202340,202240
146,202441,No Event,"",202341,202241
147,202442,ARITZIA CLIENTELE - WINTER,"",202342,202242
148,202443,ARITZIA B5D - WINTER,"",202343,202243
149,202444,ARITZIA B5D - WINTER,"",202344,202244
150,202445,ARITZIA WINTER SALE - CO,"",202345,202245
151,202446,ARITZIA WINTER SALE - CO,"",202346,202246
152,202447,ARITZIA WINTER SALE - CO,"",202347,202247
153,202448,ARITZIA WINTER SALE - CO,"",202348,202248
154,202449,ARITZIA WINTER SALE - CO,"",202349,202249
155,202450,No Event,"",202350,202250
156,202451,No Event,"",202351,202251
157,202452,No Event,"",202352,202252
158,202501,No Event,"",202401,202301
159,202502,No Event,"",202402,202302
160,202503,No Event,"",202403,202303
161,202504,No Event,"",202404,202304
162,202505,No Event,"",202405,202305
163,202506,No Event,"",202406,202306
164,202507,No Event,"",202407,202307
165,202508,No Event,"",202408,202308
166,202509,No Event,"",202409,202309
167,202510,No Event,"",202410,202310
168,202511,No Event,"",202411,202311
169,202512,No Event,"",202412,202312
170,202513,No Event,"",202413,202313
171,202514,No Event,"",202414,202314
172,202515,No Event,"",202415,202315
173,202516,No Event,"",202416,202316
174,202517,No Event,"",202417,202317
175,202518,No Event,"",202418,202318
176,202519,No Event,"",202419,202319
177,202520,No Event,"",202420,202320
178,202521,No Event,"",202421,202321
179,202522,No Event,"",202422,202322
180,202523,No Event,"",202423,202323
181,202524,No Event,"",202424,202324
182,202525,No Event,"",202425,202325
183,202526,No Event,"",202426,202326
184,202527,No Event,"",202427,202327
185,202528,No Event,"",202428,202328
186,202529,No Event,"",202429,202329
187,202530,No Event,"",202430,202330
188,202531,No Event,"",202431,202331
189,202532,No Event,"",202432,202332
190,202533,No Event,"",202433,202333
191,202534,No Event,"",202434,202334
192,202535,No Event,"",202435,202335
193,202536,No Event,"",202436,202336
194,202537,No Event,"",202437,202337
195,202538,No Event,"",202438,202338
196,202539,No Event,"",202439,202339
197,202540,No Event,"",202440,202340
198,202541,No Event,"",202441,202341
199,202542,No Event,"",202442,202342
200,202543,No Event,"",202443,202343
201,202544,No Event,"",202444,202344
202,202545,No Event,"",202445,202345
203,202546,No Event,"",202446,202346
204,202547,No Event,"",202447,202347
205,202548,No Event,"",202448,202348
206,202549,No Event,"",202449,202349
207,202550,No Event,"",202450,202350
208,202551,No Event,"",202451,202351
209,202552,No Event,"",202452,202352
210,202601,No Event,"",202501,202401
211,202602,No Event,"",202502,202402
212,202603,No Event,"",202503,202403
213,202604,No Event,"",202504,202404
214,202605,No Event,"",202505,202405
215,202606,No Event,"",202506,202406
216,202607,No Event,"",202507,202407
217,202608,No Event,"",202508,202408
218,202609,No Event,"",202509,202409
219,202610,No Event,"",202510,202410
220,202611,No Event,"",202511,202411
221,202612,No Event,"",202512,202412
222,202613,No Event,"",202513,202413
223,202614,No Event,"",202514,202414
224,202615,No Event,"",202515,202415
225,202616,No Event,"",202516,202416
226,202617,No Event,"",202517,202417
227,202618,No Event,"",202518,202418
228,202619,No Event,"",202519,202419
229,202620,No Event,"",202520,202420
230,202621,No Event,"",202521,202421
231,202622,No Event,"",202522,202422
232,202623,No Event,"",202523,202423
233,202624,No Event,"",202524,202424
234,202625,No Event,"",202525,202425
235,202626,No Event,"",202526,202426
236,202627,No Event,"",202527,202427
237,202628,No Event,"",202528,202428
238,202629,No Event,"",202529,202429
239,202630,No Event,"",202530,202430
240,202631,No Event,"",202531,202431
241,202632,No Event,"",202532,202432
242,202633,No Event,"",202533,202433
243,202634,No Event,"",202534,202434
244,202635,No Event,"",202535,202435
245,202636,No Event,"",202536,202436
246,202637,No Event,"",202537,202437
247,202638,No Event,"",202538,202438
248,202639,No Event,"",202539,202439
249,202640,No Event,"",202540,202440
250,202641,No Event,"",202541,202441
251,202642,No Event,"",202542,202442
252,202643,No Event,"",202543,202443
253,202644,No Event,"",202544,202444
254,202645,No Event,"",202545,202445
255,202646,No Event,"",202546,202446
256,202647,No Event,"",202547,202447
257,202648,No Event,"",202548,202448
258,202649,No Event,"",202549,202449
259,202650,No Event,"",202550,202450
260,202651,No Event,"",202551,202451
261,202652,No Event,"",202552,202452
262,202701,No Event,"",202601,202501
263,202702,No Event,"",202602,202502
264,202703,No Event,"",202603,202503
265,202704,No Event,"",202604,202504
266,202705,No Event,"",202605,202505
267,202706,No Event,"",202606,202506
268,202707,No Event,"",202607,202507
269,202708,No Event,"",202608,202508
270,202709,No Event,"",202609,202509
271,202710,No Event,"",202610,202510
272,202711,No Event,"",202611,202511
273,202712,No Event,"",202612,202512
274,202713,No Event,"",202613,202513
275,202714,No Event,"",202614,202514
276,202715,No Event,"",202615,202515
277,202716,No Event,"",202616,202516
278,202717,No Event,"",202617,202517
279,202718,No Event,"",202618,202518
280,202719,No Event,"",202619,202519
281,202720,No Event,"",202620,202520
282,202721,No Event,"",202621,202521
283,202722,No Event,"",202622,202522
284,202723,No Event,"",202623,202523
285,202724,No Event,"",202624,202524
286,202725,No Event,"",202625,202525
287,202726,No Event,"",202626,202526
288,202727,No Event,"",202627,202527
289,202728,No Event,"",202628,202528
290,202729,No Event,"",202629,202529
291,202730,No Event,"",202630,202530
292,202731,No Event,"",202631,202531
293,202732,No Event,"",202632,202532
294,202733,No Event,"",202633,202533
295,202734,No Event,"",202634,202534
296,202735,No Event,"",202635,202535
297,202736,No Event,"",202636,202536
298,202737,No Event,"",202637,202537
299,202738,No Event,"",202638,202538
300,202739,No Event,"",202639,202539
301,202740,No Event,"",202640,202540
302,202741,No Event,"",202641,202541
303,202742,No Event,"",202642,202542
304,202743,No Event,"",202643,202543
305,202744,No Event,"",202644,202544
306,202745,No Event,"",202645,202545
307,202746,No Event,"",202646,202546
308,202747,No Event,"",202647,202547
309,202748,No Event,"",202648,202548
310,202749,No Event,"",202649,202549
311,202750,No Event,"",202650,202550
312,202751,No Event,"",202651,202551
313,202752,No Event,"",202652,202552
314,202801,No Event,"",202701,202601
315,202802,No Event,"",202702,202602
316,202803,No Event,"",202703,202603
317,202804,No Event,"",202704,202604
318,202805,No Event,"",202705,202605
319,202806,No Event,"",202706,202606
320,202807,No Event,"",202707,202607
321,202808,No Event,"",202708,202608
322,202809,No Event,"",202709,202609
323,202810,No Event,"",202710,202610
324,202811,No Event,"",202711,202611
325,202812,No Event,"",202712,202612
326,202813,No Event,"",202713,202613
327,202814,No Event,"",202714,202614
328,202815,No Event,"",202715,202615
329,202816,No Event,"",202716,202616
330,202817,No Event,"",202717,202617
331,202818,No Event,"",202718,202618
332,202819,No Event,"",202719,202619
333,202820,No Event,"",202720,202620
334,202821,No Event,"",202721,202621
335,202822,No Event,"",202722,202622
336,202823,No Event,"",202723,202623
337,202824,No Event,"",202724,202624
338,202825,No Event,"",202725,202625
339,202826,No Event,"",202726,202626
340,202827,No Event,"",202727,202627
341,202828,No Event,"",202728,202628
342,202829,No Event,"",202729,202629
343,202830,No Event,"",202730,202630
344,202831,No Event,"",202731,202631
345,202832,No Event,"",202732,202632
346,202833,No Event,"",202733,202633
347,202834,No Event,"",202734,202634
348,202835,No Event,"",202735,202635
349,202836,No Event,"",202736,202636
350,202837,No Event,"",202737,202637
351,202838,No Event,"",202738,202638
352,202839,No Event,"",202739,202639
353,202840,No Event,"",202740,202640
354,202841,No Event,"",202741,202641
355,202842,No Event,"",202742,202642
356,202843,No Event,"",202743,202643
357,202844,No Event,"",202744,202644
358,202845,No Event,"",202745,202645
359,202846,No Event,"",202746,202646
360,202847,No Event,"",202747,202647
361,202848,No Event,"",202748,202648
362,202849,No Event,"",202749,202649
363,202850,No Event,"",202750,202650
364,202851,No Event,"",202751,202651
365,202852,No Event,"",202752,202652
366,202900,No Event,"",202800,202700
367,202901,No Event,"",202801,202701
368,202902,No Event,"",202802,202702
369,202903,No Event,"",202803,202703
370,202904,No Event,"",202804,202704
371,202905,No Event,"",202805,202705
372,202906,No Event,"",202806,202706
373,202907,No Event,"",202807,202707
374,202908,No Event,"",202808,202708
375,202909,No Event,"",202809,202709
376,202910,No Event,"",202810,202710
377,202911,No Event,"",202811,202711
378,202912,No Event,"",202812,202712
379,202913,No Event,"",202813,202713
380,202914,No Event,"",202814,202714
381,202915,No Event,"",202815,202715
382,202916,No Event,"",202816,202716
383,202917,No Event,"",202817,202717
384,202918,No Event,"",202818,202718
385,202919,No Event,"",202819,202719
386,202920,No Event,"",202820,202720
387,202921,No Event,"",202821,202721
388,202922,No Event,"",202822,202722
389,202923,No Event,"",202823,202723
390,202924,No Event,"",202824,202724
391,202925,No Event,"",202825,202725
392,202926,No Event,"",202826,202726
393,202927,No Event,"",202827,202727
394,202928,No Event,"",202828,202728
395,202929,No Event,"",202829,202729
396,202930,No Event,"",202830,202730
397,202931,No Event,"",202831,202731
398,202932,No Event,"",202832,202732
399,202933,No Event,"",202833,202733
400,202934,No Event,"",202834,202734
401,202935,No Event,"",202835,202735
402,202936,No Event,"",202836,202736
403,202937,No Event,"",202837,202737
404,202938,No Event,"",202838,202738
405,202939,No Event,"",202839,202739
406,202940,No Event,"",202840,202740
407,202941,No Event,"",202841,202741
408,202942,No Event,"",202842,202742
409,202943,No Event,"",202843,202743
410,202944,No Event,"",202844,202744
411,202945,No Event,"",202845,202745
412,202946,No Event,"",202846,202746
413,202947,No Event,"",202847,202747
414,202948,No Event,"",202848,202748
415,202949,No Event,"",202849,202749
416,202950,No Event,"",202850,202750
417,202951,No Event,"",202851,202751
418,202952,No Event,"",202852,202752
419,203001,No Event,"",202901,202801
420,203002,No Event,"",202902,202802
421,203003,No Event,"",202903,202803
422,203004,No Event,"",202904,202804
