application_code,name,description,version,icon,status,extra
1,InventorySmart,ALLOCATE_desc,1.1,,TRUE,{}
2,AssortSmart,ASSORT_desc,1.1,,TRUE,{}
3,Workflow Input Center,PLATFORM_desc,1.1,,TRUE,{}
4,PlanSmart,PLANSMART_desc,1.1,,TRUE,{}
5,Notification,Notification_desc,1.1,,TRUE,{}
6,Application Access Management,user access management_desc,1.1,,TRUE,{}
7,Master Data View,Inventory,1.1,,TRUE,{}
8,MondaySmart,Monday_desc,1.1,,TRUE,{}
9,Module Configurator,Configurator,1.1,,TRUE,{}
10,MarkSmart,Mark_desc,1.1,,TRUE,{}
11,ADA,ADAVisual_desc,1.1,,TRUE,{}
12,ClusterSmart,ClusterSmart,1.1,,TRUE,{}
131,DataIngestion,DataIngestion,1.1,,TRUE,{}
132,MLOps,MLOps,1.1,,TRUE,{}
20,PriceSmart Markdown,Price_Mark_desc,1.1,,TRUE,{}
21,PriceSmart Promo,Price_Promo_desc,1.1,,TRUE,{}