source_column_name,source_column_datatype,required_in_product,generic_column_name,is_pk,generic_column_datatype,formula,is_attribute,is_hierarchy,hierarchy_level,is_null_allowed,unique_by,display_name,is_partition_col,is_clustering_col
CLIMATIC_AREA,varchar,TRUE,climate_area,FALSE,varchar,,TRUE,FALSE,,TRUE,FALSE,,FALSE,
GROSS_SQ_FT_NO,integer,TRUE,gross_sq_ft,FALSE,integer,,TRUE,FALSE,,TRUE,FALSE,,FALSE,
SISTER_STORE_NO,varchar,FALSE,sister_store_id,FALSE,varchar,,TRUE,FALSE,,TRUE,FALSE,,FALSE,
PREOWNED,varchar,FALSE,preowned,FALSE,varchar,,TRUE,FALSE,,TRUE,FALSE,,FALSE,
URBAN_RURAL_FLAG,varchar,FALSE,urban_rural_flag,FALSE,varchar,,TRUE,FALSE,,TRUE,FALSE,,FALSE,
GEO_AREA,integer,TRUE,geo_area,FALSE,integer,,TRUE,FALSE,,TRUE,FALSE,,FALSE,
STORE_ELIGIBILITY_FLAG,varchar,FALSE,store_eligibility_flag,FALSE,varchar,,TRUE,FALSE,,TRUE,FALSE,,FALSE,
LOWER_PAD_COUNT_STORES,varchar,FALSE,lower_pad_count_stores,FALSE,varchar,,TRUE,FALSE,,TRUE,FALSE,,FALSE,
STORE_OPEN_FLAG,varchar,TRUE,store_open_flag,FALSE,varchar,,TRUE,FALSE,,TRUE,FALSE,,FALSE,
,,TRUE,special_classification,FALSE,varchar,CASE WHEN CHANNEL = 'Warehouse' THEN 'WHS' ELSE 'NA' END,TRUE,FALSE,,FALSE,FALSE,,FALSE,
,,TRUE,active,FALSE,bool,case when STORE_OPEN_FLAG = 'Y' THEN True ELSE False END,TRUE,FALSE,,TRUE,FALSE,,FALSE,
BANNER,varchar,TRUE,banner,FALSE,varchar,,TRUE,FALSE,,TRUE,FALSE,,FALSE,
CHANNEL,varchar,TRUE,s1_name,FALSE,varchar,,TRUE,TRUE,2,FALSE,FALSE,,FALSE,
STORE_NAME,varchar,TRUE,store_name,FALSE,varchar,,FALSE,FALSE,,FALSE,FALSE,,FALSE,
ZIPCODE_NO,varchar,TRUE,zipcode,FALSE,varchar,,TRUE,FALSE,,TRUE,FALSE,,FALSE,
STORE_STATUS,varchar,TRUE,store_status,FALSE,varchar,,TRUE,FALSE,,TRUE,FALSE,,FALSE,
STORE_TYPE,varchar,TRUE,type,FALSE,varchar,,TRUE,FALSE,,TRUE,FALSE,,FALSE,
LONGITUDE,float8,TRUE,longitude,FALSE,float8,,TRUE,FALSE,,TRUE,FALSE,,FALSE,
LATITUDE,float8,TRUE,latitude,FALSE,float8,,TRUE,FALSE,,TRUE,FALSE,,FALSE,
CITY,varchar,TRUE,city,FALSE,varchar,,TRUE,FALSE,,TRUE,FALSE,,FALSE,
CLIMATE_CODE,integer,TRUE,climate,FALSE,integer,,TRUE,FALSE,,TRUE,FALSE,,FALSE,
CHANNEL,varchar,TRUE,channel,FALSE,varchar,,TRUE,FALSE,,FALSE,FALSE,,FALSE,2
COUNTRY,varchar,TRUE,s0_name,FALSE,varchar,,TRUE,TRUE,1,FALSE,FALSE,,FALSE,1
STATE,varchar,TRUE,s4_name,FALSE,varchar,,TRUE,TRUE,5,FALSE,FALSE,,FALSE,
STORE_ID,integer,TRUE,store_code,TRUE,varchar,,FALSE,TRUE,6,FALSE,TRUE,,FALSE,
STORE_OPEN_DATE,timestamp,TRUE,open_date,FALSE,date,,TRUE,FALSE,,TRUE,FALSE,,FALSE,
STORE_CLOSE_DATE,timestamp,TRUE,close_date,FALSE,date,,TRUE,FALSE,,TRUE,FALSE,,FALSE,
SYNCSTARTDATETIME,datetime,FALSE,syncstartdatetime,FALSE,datetime,,FALSE,FALSE,,TRUE,FALSE,,FALSE,
DISTRICT_NO,varchar,TRUE,s3_id,FALSE,varchar,,TRUE,FALSE,,TRUE,FALSE,,FALSE,
DISTRICT_NAME,varchar,TRUE,s3_name,FALSE,varchar,,TRUE,FALSE,4,TRUE,FALSE,,FALSE,
REGION_NO,varchar,TRUE,s2_id,FALSE,varchar,,TRUE,FALSE,,TRUE,FALSE,,FALSE,
REGION_NAME,varchar,TRUE,s2_name,FALSE,varchar,,TRUE,FALSE,3,TRUE,FALSE,,FALSE,
AVG_TRAFFIC,float8,TRUE,traffic,FALSE,float8,,TRUE,FALSE,,TRUE,FALSE,,FALSE,
