"user_code","name","email","user_name","password","salt","status","is_deleted","created_at","updated_at","created_by","updated_by"
30,Arun Thamma,arun.thamma@impactanalytics.co,Arun Thamma,,,TRUE,FALSE,2024-06-10 12:32:38.554 +0530,2024-06-10 12:32:38.554 +0530,,
31,Mohammed Abdulla,mohammed.abdulla@impactanalytics.co,Mohammed Abdulla,,,TRUE,FALSE,2024-06-10 12:32:38.554 +0530,2024-06-10 12:32:38.554 +0530,,
32,Himani Sharma,himani.sharma@impactanalytics.co,Himani Sharma,,,TRUE,FALSE,2024-06-10 12:32:38.554 +0530,2024-06-10 12:32:38.554 +0530,,
33,Ayushi Gonnade,ayushi.gonnade@impactanalytics.co,Ayushi Gonnade,,,TRUE,FALSE,2024-06-10 12:32:38.554 +0530,2024-06-10 12:32:38.554 +0530,,
34,Sanchi Motgi,sanchi.motgi@impactanalytics.co,Sanchi Motgi,,,TRUE,FALSE,2024-06-10 12:32:38.554 +0530,2024-06-10 12:32:38.554 +0530,,
35,Bhupender Yadav,bhupender.yadav@impactanalytics.co,Bhupender Yadav,,,TRUE,FALSE,2024-06-10 12:32:38.554 +0530,2024-06-10 12:32:38.554 +0530,,
36,Hisham Mohammed,hisham.mohammed@impactanalytics.co,Hisham Mohammed,,,TRUE,FALSE,2024-06-10 12:32:38.554 +0530,2024-06-10 12:32:38.554 +0530,,
37,Kiran Kumar,kiran.kumar@impactanalytics.co,Kiran Kumar,,,TRUE,FALSE,2024-06-10 12:32:38.554 +0530,2024-06-10 12:32:38.554 +0530,,
38,Manoj Solanki,manoj.solanki@impactanalytics.co,Manoj Solanki,,,TRUE,FALSE,2024-06-10 12:32:38.554 +0530,2024-06-10 12:32:38.554 +0530,,
39,Chandan Gupta,chandan.gupta@impactanalytics.co,Chandan Gupta,,,TRUE,FALSE,2024-06-10 12:32:38.554 +0530,2024-06-10 12:32:38.554 +0530,,
40,Anudeep Elavarthy,anudeep.elavarthy@impactanalytics.co,Anudeep Elavarthy,,,TRUE,FALSE,2024-06-10 12:32:38.554 +0530,2024-06-10 12:32:38.554 +0530,,
41,Shaik Azmathulla,shaik.azmathulla@impactanalytics.co,Shaik Azmathulla,,,TRUE,FALSE,2024-06-10 12:32:38.554 +0530,2024-06-10 12:32:38.554 +0530,,
42,Akash Mangal,akash.mangal@impactanalytics.co,Akash Mangal,,,TRUE,FALSE,2024-06-10 12:32:38.554 +0530,2024-06-10 12:32:38.554 +0530,,
43,Ananth Satyanarayana,ananth.satyanarayana@impactanalytics.co,Ananth Satyanarayana,,,TRUE,FALSE,2024-06-10 12:32:38.554 +0530,2024-06-10 12:32:38.554 +0530,,
44,Ashish Srivastava,ashish.srivastava@impactanalytics.co,Ashish Srivastava,,,TRUE,FALSE,2024-06-10 12:32:38.554 +0530,2024-06-10 12:32:38.554 +0530,,
45,Piyush Trivedi,piyush.trivedi@impactanalytics.co,Piyush Trivedi,,,TRUE,FALSE,2024-06-10 12:32:38.554 +0530,2024-06-10 12:32:38.554 +0530,,
46,Sivaprasath Vadivel,sivaprasath.vadivel@impactanalytics.co,Sivaprasath Vadivel,,,TRUE,FALSE,2024-06-10 12:32:38.554 +0530,2024-06-10 12:32:38.554 +0530,,
47,Rakshit,rakshit.kumar@impactanalytics.co,Rakshit,,,TRUE,FALSE,2024-06-10 12:32:38.554 +0530,2024-06-10 12:32:38.554 +0530,,
48,Priyaranjan Pradhan,priyaranjan.pradhan@impactanalytics.co,Priyaranjan Pradhan,,,TRUE,FALSE,2024-06-10 12:32:38.554 +0530,2024-06-10 12:32:38.554 +0530,,
49,Divyansh Gupta,divyansh.gupta@impactanalytics.co,Divyansh Gupta,,,TRUE,FALSE,2024-06-10 12:32:38.554 +0530,2024-06-10 12:32:38.554 +0530,,
50,Srishti Kumari,srishti.kumari@impactanalytics.co,Srishti Kumari,,,TRUE,FALSE,2024-06-10 12:32:38.554 +0530,2024-06-10 12:32:38.554 +0530,,
250,Dev user,dev@impactanalytics.co,Dev,,,true,false,2023-01-06 11:24:54.437 +0530,2023-01-06 11:24:54.437 +0530,,
251,Demo,qa@impactanalytics.co,Demo,,,true,false,2023-01-06 14:31:06.127 +0530,2023-07-14 15:51:53.178 +0530,,
51,Varun Rai,varun.rai@impactanalytics.co,Varun Rai,,,TRUE,FALSE,2024-06-10 12:32:38.554 +0530,2024-06-10 12:32:38.554 +0530,,
52,Ananya Mahanta,ananya.mahanta@impactanalytics.co,Ananya Mahanta,,,TRUE,FALSE,2024-06-10 12:32:38.554 +0530,2024-06-10 12:32:38.554 +0530,,
53,Abhishek Porwal,abhishek.porwal@impactanalytics.co,Abhishek Porwal,,,TRUE,FALSE,2024-06-10 12:32:38.554 +0530,2024-06-10 12:32:38.554 +0530,,
54, Harini Ravikumar, harini.ravikumar@impactanalytics.co, Harini Ravikumar,,,TRUE,FALSE,2024-06-10 12:32:38.554 +0530,2024-06-10 12:32:38.554 +0530,,
