fc_code,name,screens,is_deleted,created_at,updated_at,created_by,updated_by,special_classification,description,application,dimensions,is_tool_edited
1,inventorysmart_oms_product_filter,{76},FALSE,2022-12-26 11:44:54.971 +0530,2023-02-27 19:11:32.991 +0530,3,3,,,,,false
2,inventory_order_repo_screen_filter,{75},FALSE,2023-01-02 12:20:48.391 +0530,2023-02-27 19:11:21.462 +0530,3,3,,,,,false
3,ada visual config,{52},FALSE,2022-09-11 17:58:29.976 +0530,2022-10-28 18:37:21.290 +0530,3,3,,,,,false
5,inventorysmart_oms_constraints,{78},FALSE,2023-01-10 12:38:06.011 +0530,2023-02-28 12:28:38.919 +0530,3,3,,,,,false
7,test_config_aks,{5},TRUE,2023-01-10 12:44:11.157 +0530,2023-01-10 12:45:31.000 +0530,3,3,,,,,false
8,test_config_aks,{5},TRUE,2023-01-10 12:44:49.796 +0530,2023-01-10 12:45:26.100 +0530,3,3,,,,,false
9,test_config_aksi,{5},TRUE,2023-01-10 12:46:07.102 +0530,2023-01-10 12:46:34.746 +0530,3,3,,,,,false
10,test_filter_1,{5},TRUE,2023-01-10 12:56:25.053 +0530,2023-01-10 12:56:47.215 +0530,3,3,,,,,false
11,test_config_aks,{5},TRUE,2023-01-10 16:03:53.479 +0530,2023-01-10 16:04:21.627 +0530,3,3,,,,,false
42,TestBest,{8},TRUE,2021-09-15 13:00:55.195 +0530,2021-09-15 14:08:54.544 +0530,3,3,,,,,false
46,product status,{5},FALSE,2021-09-15 18:37:56.856 +0530,2021-09-22 08:16:40.620 +0530,3,3,,,,,false
68,bugtest,{8},TRUE,2021-09-16 15:54:30.317 +0530,2021-09-16 15:54:31.339 +0530,3,3,,,,,false
70,product mapping,{4},FALSE,2021-09-17 06:48:37.958 +0530,2022-05-25 13:30:50.179 +0530,3,3,,,,,false
74,store status,{7},FALSE,2021-09-22 21:52:58.443 +0530,2022-05-10 18:43:54.859 +0530,3,3,,,,,false
76,PUD config,{10},FALSE,2021-09-27 03:58:42.949 +0530,2021-09-30 07:16:59.794 +0530,3,3,,,,,false
77,store group,{9},FALSE,2021-09-28 19:23:49.599 +0530,2021-10-25 06:49:47.565 +0530,3,3,,,,,false
78,testsgrp,{9},FALSE,2021-09-29 12:16:03.522 +0530,2022-03-30 09:11:10.591 +0530,3,3,,,,,false
79,New Test,"{1,2,4,5,3,6,7,8,9,10}",TRUE,2021-09-29 12:26:53.273 +0530,2022-03-30 09:10:21.181 +0530,3,3,,,,,false
81,Test_29,{5},FALSE,2021-09-29 13:40:16.212 +0530,2021-09-30 12:40:02.171 +0530,3,3,,,,,false
82,Test30,{1},FALSE,2021-09-30 12:41:37.011 +0530,2021-09-30 12:41:37.021 +0530,3,3,,,,,false
83,test2,"{1,2}",FALSE,2021-09-30 12:44:03.342 +0530,2022-04-18 07:21:52.610 +0530,3,3,,,,,false
84,test3,{1},FALSE,2021-09-30 12:45:59.110 +0530,2021-09-30 12:46:00.103 +0530,3,3,,,,,false
85,sai_test_5,"{5,6,7,8,9}",TRUE,2021-09-30 15:43:30.698 +0530,2021-09-30 15:57:44.343 +0530,3,3,,,,,false
86,store mapping,{6},FALSE,2021-10-04 08:46:16.372 +0530,2022-11-28 19:03:23.972 +0530,3,3,,,,,false
87,Aniket Demo 1,{1},FALSE,2021-10-04 15:15:18.627 +0530,2021-10-04 15:15:18.635 +0530,3,3,,,,,false
89,test-bug-created-by,{1},FALSE,2021-10-06 05:44:43.842 +0530,2021-10-06 05:44:43.851 +0530,3,3,,,,,false
91,Inventory,{11},FALSE,2021-10-16 08:11:24.252 +0530,2021-10-16 08:11:25.677 +0530,3,3,,,,,false
92,dc_status,"{12,22}",FALSE,2021-10-19 14:45:42.187 +0530,2022-02-16 07:43:14.822 +0530,3,3,,,,,false
93,dc store,{17},FALSE,2021-12-05 11:57:11.641 +0530,2023-01-19 12:33:28.626 +0530,3,3,,,,,false
94,dc fc,{18},FALSE,2021-12-05 11:57:57.308 +0530,2022-01-13 19:01:24.028 +0530,3,3,,,,,false
95,prod status,{5},FALSE,2022-01-19 14:25:17.078 +0530,2022-01-19 14:25:18.324 +0530,3,3,,,,,false
96,plansmart dashboard,{37},FALSE,2022-02-01 08:27:52.212 +0530,2022-02-01 08:27:52.212 +0530,3,3,,,,,false
97,PS Config 1,{5},FALSE,2022-02-17 06:08:37.019 +0530,2022-02-17 06:08:37.978 +0530,3,3,,,,,false
98,PS Config 2,{5},FALSE,2022-02-17 06:28:23.189 +0530,2022-02-17 06:36:13.387 +0530,3,3,,,,,false
99,PS Config 3,{5},FALSE,2022-02-17 07:21:53.753 +0530,2022-02-17 07:21:54.710 +0530,3,3,,,,,false
100,test,{5},FALSE,2022-02-17 07:31:02.099 +0530,2022-02-17 07:31:03.041 +0530,3,3,,,,,false
102,dc product,{20},FALSE,2022-02-18 12:17:26.631 +0530,2023-01-19 12:39:22.051 +0530,3,3,,,,,false 
103,dc mapping,{13},FALSE,2022-02-18 14:38:59.970 +0530,2022-02-18 14:49:06.908 +0530,3,3,,,,,false
104,Store_group_new,{9},FALSE,2022-03-30 10:25:51.153 +0530,2022-03-30 10:25:51.165 +0530,3,3,,,,,false
105,Product-group,{8},FALSE,2022-03-31 06:00:23.767 +0530,2022-03-31 06:00:23.785 +0530,3,3,,,,,false
106,New_StoreConfig,{7},FALSE,2022-04-04 05:28:59.999 +0530,2022-04-06 07:05:33.022 +0530,3,3,,,,,false
107,demoCXhanges,"{24,4}",FALSE,2022-04-04 11:08:59.970 +0530,2022-04-05 12:18:34.345 +0530,3,3,,,,,false
108,Test_01,"{4,12,22,14}",FALSE,2022-04-05 05:07:27.038 +0530,2022-04-05 05:07:27.050 +0530,3,3,,,,,false
109,vhvj,"{24,4,10}",FALSE,2022-04-05 07:04:08.677 +0530,2022-04-05 07:04:17.599 +0530,3,3,,,,,false
110,ASa,"{4,10}",FALSE,2022-04-05 09:27:49.729 +0530,2022-04-05 09:27:49.740 +0530,3,3,,,,,false
111,asas,"{10,12,22}",FALSE,2022-04-05 11:34:13.863 +0530,2022-04-05 11:34:13.872 +0530,3,3,,,,,false
112,asa,"{4,10,14,12,22,24}",FALSE,2022-04-05 11:45:34.103 +0530,2022-05-25 13:29:48.873 +0530,3,3,,,,,false
113,Testing525,"{14,8,5,26,17,7,28,9}",FALSE,2022-04-05 11:55:20.125 +0530,2022-04-05 11:58:30.169 +0530,3,3,,,,,false
114,New_StoreConfif_Apr6,"{7,9}",FALSE,2022-04-06 09:08:02.703 +0530,2022-04-06 09:08:02.794 +0530,3,3,,,,,false
115,New_StoreConfif_Apr6,"{7,9}",FALSE,2022-04-06 09:08:02.765 +0530,2022-04-06 09:08:02.870 +0530,3,3,,,,,false
116,New_StoreConfif_Apr6,"{7,9}",FALSE,2022-04-06 09:08:02.794 +0530,2022-04-06 09:08:02.871 +0530,3,3,,,,,false
117,New_StoreConfif_Apr6,"{7,9}",FALSE,2022-04-06 09:08:02.795 +0530,2022-04-06 09:08:02.871 +0530,3,3,,,,,false
118,New StoreConfif Apr6,"{7,9}",FALSE,2022-04-06 09:08:02.870 +0530,2022-04-06 09:08:02.895 +0530,3,3,,,,,false
119,New_PUD,{10},FALSE,2022-04-06 11:21:49.732 +0530,2022-04-06 11:21:49.749 +0530,3,3,,,,,false
120,New_PUD,{10},FALSE,2022-04-06 11:21:49.742 +0530,2022-04-06 11:21:49.791 +0530,3,3,,,,,false
121,New_PUD,{10},FALSE,2022-04-06 11:21:49.849 +0530,2022-04-06 11:21:49.876 +0530,3,3,,,,,false
122,New_PUD,{10},FALSE,2022-04-06 11:21:49.849 +0530,2022-04-06 11:21:49.876 +0530,3,3,,,,,false
123,New_PUD,{10},FALSE,2022-04-06 11:21:49.853 +0530,2022-04-06 11:21:49.876 +0530,3,3,,,,,false
124,New_PUD,{10},FALSE,2022-04-06 11:21:49.854 +0530,2022-04-06 11:21:49.876 +0530,3,3,,,,,false
125,New_PUD,{10},FALSE,2022-04-06 11:21:49.855 +0530,2022-04-06 11:21:49.906 +0530,3,3,,,,,false
126,New_PUD,{10},FALSE,2022-04-06 11:21:49.875 +0530,2022-04-06 11:21:49.906 +0530,3,3,,,,,false
127,New_PUD,{10},FALSE,2022-04-06 11:21:49.876 +0530,2022-04-06 11:21:49.907 +0530,3,3,,,,,false
128,testing,{5},FALSE,2022-04-06 12:03:12.748 +0530,2022-04-06 12:03:12.761 +0530,3,3,,,,,false
129,new_productstatus,{5},FALSE,2022-04-06 12:03:53.616 +0530,2022-04-14 15:50:18.169 +0530,3,3,,,,,false   
130,New_pud1,{10},FALSE,2022-04-06 12:05:51.514 +0530,2022-04-07 05:54:39.943 +0530,3,3,,,,,false
131,asdas,"{4,10,15}",FALSE,2022-04-07 06:02:44.715 +0530,2022-04-07 06:02:44.724 +0530,3,3,,,,,false
132,Product_group,{8},FALSE,2022-04-08 05:54:29.399 +0530,2022-04-08 05:56:08.857 +0530,3,3,,,,,false
133,Product_group2,{8},FALSE,2022-04-08 05:58:37.091 +0530,2022-04-08 05:59:07.029 +0530,3,3,,,,,false
134,Product-group3,{8},FALSE,2022-04-08 06:06:59.851 +0530,2023-01-19 12:26:53.333 +0530,3,3,,,,,false
135,newpud,{10},FALSE,2022-04-08 08:19:17.466 +0530,2022-09-12 09:39:12.191 +0530,3,3,,,,,false
136,plansmart masterplan,{38},FALSE,2022-04-11 04:30:23.560 +0530,2022-04-11 04:30:23.560 +0530,3,3,,,,,false
137,dc_status,"{12,22}",FALSE,2022-04-24 14:19:19.926 +0530,2022-04-24 14:19:23.440 +0530,3,3,,,,,false
138,Assort Create Plan,{33},FALSE,2022-04-27 18:36:27.458 +0530,2022-04-27 18:36:27.458 +0530,3,3,,,,,false
139,Assort Edit Plan,{34},FALSE,2022-04-27 18:36:54.699 +0530,2022-04-27 18:36:54.699 +0530,3,3,,,,,false
140,New product status,{5},FALSE,2022-04-27 19:48:58.533 +0530,2022-04-27 19:49:16.630 +0530,3,3,,,,,false
141,dc-product,{20},FALSE,2022-04-27 23:03:47.015 +0530,2022-04-27 23:03:47.035 +0530,3,3,,,,,false
142,dc-fc,{18},FALSE,2022-04-27 23:05:09.503 +0530,2022-04-27 23:05:09.535 +0530,3,3,,,,,false
143,dc-store,{17},FALSE,2022-04-27 23:05:46.218 +0530,2023-01-19 13:41:27.816 +0530,3,3,,,,,false
144,dc-cols,{13},FALSE,2022-04-27 23:06:19.366 +0530,2022-04-27 23:06:19.390 +0530,3,3,,,,,false
145,store group with prod filters,{9},FALSE,2022-05-02 11:59:02.772 +0530,2022-05-26 10:53:28.687 +0530,3,3,,,,,false
146,new ps,{5},FALSE,2022-05-11 23:54:04.776 +0530,2022-05-11 23:54:04.802 +0530,3,3,,,,,false
147,Assort Create Highsight Plan,{35},FALSE,2022-04-27 18:36:27.458 +0530,2022-04-27 18:36:27.458 +0530,3,3,,,,,false
148,Assort Edit Hindsight Plan,{36},FALSE,2022-04-27 18:36:54.699 +0530,2022-04-27 18:36:54.699 +0530,3,3,,,,,false
149,product mapping ,{4},FALSE,2022-05-25 15:31:40.400 +0530,2022-08-22 14:11:04.888 +0530,3,3,,,,,false
150,Assort Create Omni Plan,{39},FALSE,2022-04-27 18:36:27.458 +0530,2022-04-27 18:36:27.458 +0530,3,3,,,,,false
151,New config - Product status,{5},FALSE,2022-06-06 21:14:56.670 +0530,2022-06-06 21:14:56.696 +0530,3,3,,,,,false
152,new product status,{5},FALSE,2022-06-06 21:15:59.367 +0530,2022-06-06 21:15:59.394 +0530,3,3,,,,,false
153,dc-product,{20},FALSE,2022-06-07 16:28:00.288 +0530,2023-01-19 13:43:25.258 +0530,3,3,,,,,false
154,fc_status,{42},FALSE,2022-06-13 10:22:25.395 +0530,2022-06-13 10:22:25.422 +0530,3,3,,,,,false
155,InventorySmart_dashboard,"{11,9}",FALSE,2022-06-13 15:21:32.301 +0530,2022-06-28 10:26:25.483 +0530,3,3,,,,,false
156,New Store Group config,{9},FALSE,2022-06-16 10:37:48.935 +0530,2022-06-16 10:37:48.966 +0530,3,3,,,,,false
157,inventorysmart_product_rules,{54},FALSE,2022-06-16 17:40:04.820 +0530,2023-01-19 13:35:13.684 +0530,3,3,,,,,false
158,Jun17StoreGrpConfig,{9},FALSE,2022-06-17 12:38:11.038 +0530,2022-08-26 16:12:10.783 +0530,3,3,,,,,false
159,Newconfig_productstatus_19june,{5},FALSE,2022-06-19 23:38:22.686 +0530,2022-07-11 12:54:26.374 +0530,3,3,,,,,false
160,Product_Status_new2706,{5},FALSE,2022-06-27 17:25:54.860 +0530,2022-07-11 15:30:13.057 +0530,3,3,,,,,false
161,Plansmart Create Plan,{43},FALSE,2022-07-12 15:27:27.034 +0530,2022-07-12 15:27:27.034 +0530,3,3,4,,4,,false
162,Vendor Configurations,{44},FALSE,2022-07-13 14:14:52.954 +0530,2022-07-13 14:34:32.842 +0530,3,3,,,,,false
163,Assort create core choice,{46},FALSE,2022-07-13 14:14:52.954 +0530,2022-07-13 14:34:32.842 +0530,3,3,,,,,false
164,Allocation,{55},FALSE,2022-07-05 14:41:57.399 +0530,2023-02-23 10:18:24.465 +0530,3,3,,,,,false
165,InventorySmartDashboard,{51},FALSE,2022-07-20 16:00:19.961 +0530,2023-01-19 10:58:47.311 +0530,3,3,,,,,false
166,Product Profile Filters,{49},FALSE,2022-07-21 13:10:18.765 +0530,2023-02-22 17:28:28.853 +0530,3,3,,,,,false
167,Create Product Profile,{50},FALSE,2022-07-21 13:11:09.668 +0530,2023-02-23 11:54:59.668 +0530,3,3,,,,,false
168,Dc Status new config,"{22,12}",FALSE,2022-07-22 11:59:49.577 +0530,2022-07-22 12:01:01.485 +0530,3,3,,,,,false
169,Assort Dashboard Filter,{60},FALSE,2022-07-21 13:11:09.668 +0530,2022-07-21 13:11:09.686 +0530,3,3,,,,,false
170,Assort Omni Dashboard Filter,{58},FALSE,2022-07-21 13:11:09.668 +0530,2022-07-21 13:11:09.686 +0530,3,3,,,,,false
171,Assort Core Choice Dashboard Filter,{59},FALSE,2022-07-21 13:11:09.668 +0530,2022-07-21 13:11:09.686 +0530,3,3,,,,,false
172,New_Productstatus,{5},FALSE,2022-07-27 12:05:45.586 +0530,2022-07-27 12:05:45.605 +0530,3,3,,,,,false
173,inventorysmart_constraints,{56},FALSE,2022-07-11 12:20:40.178 +0530,2023-02-22 17:22:07.049 +0530,3,3,,,,,false
174,inventorysmart_order_triaging,{61},FALSE,2022-08-05 08:58:33.191 +0530,2022-08-05 08:58:33.191 +0530,3,3,,,,,false
175,Deep dive reports filter configuration,{62},FALSE,2022-08-08 12:20:33.704 +0530,2022-08-08 12:20:34.831 +0530,3,3,,,,,false
176,inventorysmart_reportings,{62},FALSE,2022-08-10 14:29:23.243 +0530,2023-02-23 10:18:59.012 +0530,3,3,,,,,false
189,inventorysmart_variance_to_forecast,{91},FALSE,2023-11-21 18:24:42.902 +0530,2023-11-21 18:24:42.902 +0530,3,3,,,,,false
177,inventorysmart_view_past_allocations,{63},FALSE,2022-08-10 14:36:03.763 +0530,2023-02-22 17:46:04.122 +0530,3,3,,,,,false
178,inventorysmart_daily_allocation_reports,{71},FALSE,2022-07-11 12:20:40.178 +0530,2022-07-11 12:20:40.178 +0530,3,3,,,,,false
179,inventory_smart_store_group,{9},FALSE,2022-05-17 12:37:11.038 +0530,2023-01-19 14:27:48.674 +0530,3,3,,,1,,false
186,inventorysmart_forecast_reporting,{64},FALSE,2023-09-12 12:28:33.298 +0530,2023-09-12 12:28:33.298 +0530,3,3,,,,,false
260,grade_basic_details,{72},FALSE,2022-11-04 14:36:41.218 +0530,2022-11-04 14:36:41.218 +0530,3,3,,,,,false
261,grade_levels,{73},FALSE,2022-11-04 14:37:20.963 +0530,2022-11-04 14:37:20.963 +0530,3,3,,,,,false
262,grade_metrics,{75},FALSE,2022-11-15 13:12:11.671 +0530,2022-11-15 13:12:11.671 +0530,3,3,,,,,false
265,Store Mapping modify screen,{4001},FALSE,2023-01-03 16:37:45.556 +0530,2023-01-25 14:40:26.047 +0530,3,3,,,,,false
280,Add User Fields,{300},FALSE,2023-03-01 15:20:59.849 +0530,2023-03-01 15:20:59.849 +0530,3,3,,,,,false
502,Product to Store Mapping,{302},FALSE,2023-08-16 17:52:50.706 +0530,2023-08-16 17:52:50.706 +0530,3,3,,,3,,false
10001,ADA Visual 28Oct,{52},FALSE,2022-10-28 18:39:52.924 +0530,2022-10-28 18:39:52.968 +0530,3,3,,,,,false
10002,filter-config-2-nov,{52},FALSE,2022-11-02 16:12:40.959 +0530,2022-11-02 16:12:40.988 +0530,3,3,,,,,false
10003,filter-config-2-nov,{52},FALSE,2022-11-02 16:18:51.851 +0530,2022-11-02 16:18:53.069 +0530,3,3,,,,,false
10004,inventorysmart_store_stock_drill_down,{72},FALSE,2022-11-06 21:36:51.648 +0530,2022-11-06 21:36:51.674 +0530,3,3,,,,,false
10005,test_filter,{5},TRUE,2023-01-11 13:54:03.029 +0530,2023-01-11 13:54:51.514 +0530,3,3,,,,,false
10006,inventorysmart_oms_create_new_order,{79},FALSE,2023-01-24 09:16:29.236 +0530,2023-02-27 19:10:57.567 +0530,3,3,,,,,false
10007,inventorysmart_oms_reporting,{80},FALSE,2023-01-30 12:37:25.585 +0530,2023-02-27 19:10:47.698 +0530,3,3,,,,,false
10008,AutoTest123,{7},TRUE,2023-02-20 17:12:45.064 +0530,2023-02-20 17:13:01.249 +0530,3,3,,,,,false
10009,test_filter_bug,{5},TRUE,2023-02-20 17:53:04.255 +0530,2023-02-20 17:53:26.353 +0530,3,3,,,,,false
10010,test_filter_bug,{5},TRUE,2023-02-20 17:58:41.846 +0530,2023-02-20 17:59:29.358 +0530,3,3,,,,,false
10011,AutoTest123,{7},TRUE,2023-02-20 17:59:44.445 +0530,2023-02-20 18:00:07.555 +0530,3,3,,,,,false
180,Inventorysmart Configurations New Store,{77},FALSE,2023-03-01 15:20:59.849 +0530,2023-03-01 15:20:59.849 +0530,3,3,,,,,false
181,New Store Sister Store,{81},FALSE,2023-03-01 15:20:59.849 +0530,2023-03-01 15:20:59.849 +0530,3,3,,,,,false
182,New Store Demand And Constraint,{82},FALSE,2023-03-01 15:20:59.849 +0530,2023-03-01 15:20:59.849 +0530,3,3,,,,,false
183,Inventorysmart Constraints User Reserve,{83},FALSE,2022-07-11 12:20:40.178 +0530,2023-02-22 17:22:07.049 +0530,3,3,,,,,false
184,New Store Demand And Constraint Add Products,{84},FALSE,2022-07-11 12:20:40.178 +0530,2023-02-22 17:22:07.049 +0530,3,3,,,,,false
185,Inventorysmart Constraints SMA,{85},FALSE,2022-07-11 12:20:40.178 +0530,2023-02-22 17:22:07.049 +0530,3,3,,,,,false
501,ticket_filter,"{301, 315}",FALSE,2022-07-11 12:20:40.178 +0530,2023-02-22 17:22:07.049 +0530,3,3,,,,,false
1300,Mondaysmart Deep Dive,{1301},FALSE,2023-03-14 23:45:22.155 +0530,2023-03-14 23:49:43.801 +0530,3,3,,,,,false
1301,Mondaysmart Inventory,{1302},FALSE,2023-03-14 23:49:24.949 +0530,2023-03-14 23:54:37.102 +0530,3,3,,,,,false