tag_code,tag_datatype,tag_key,tag_value
1,string,username,Username
2,string,dc_names,DC Names
3,string,fc_names,FC Names
5,string,style_description,Style Description
6,string,department_name,Department Name
7,string,pud_definition_name,PUD definition name
8,number,n,n
9,number,n_map,N Mapped
10,number,n_unmap,N Unmapped
11,string,plan_name,Plan name
12,string,file_name,File Name
13,string,allocation_name,Allocation Name
14,string,application,Application
15,string,module,Module
16,string,dimension,Dimension
17,string,screen_name,Screen Name