column_name,entity,data_type,source,is_feature,feature_type,feature_encoding,aggregation_func,gbq_formula,unique_by
qty,ada_serve_product_entity_simulation,,,TRUE,TRUE,,,qty,FALSE
trend,ada_serve_product_entity_simulation,,,TRUE,TRUE,,,CASE WHEN fiscal_year = 2019 THEN 3 WHEN fiscal_year = 2020 THEN 4 WHEN fiscal_year = 2021 THEN 5 WHEN fiscal_year = 2022 THEN 6 WHEN fiscal_year = 2023 THEN 7 WHEN fiscal_year = 2024 THEN 8 WHEN fiscal_year = 2025 THEN 9 END,FALSE
,ada_serve_product_entity_simulation,,,TRUE,TRUE,AGE,,age,FALSE
,ada_serve_product_entity_simulation,,,TRUE,TRUE,COST,,cost,FALSE
,ada_serve_product_entity_simulation,,,TRUE,TRUE,COUPON,,coupon_discount_per_unit,FALSE
,ada_serve_product_entity_simulation,,,TRUE,TRUE,MSRP,,msrp,FALSE
,ada_serve_product_entity_simulation,,,TRUE,TRUE,ROLL_AVG_INV,,rolling_avg_inv,FALSE
,ada_serve_product_entity_simulation,,,TRUE,TRUE,MD_FLAG,,md_flag,FALSE
md_flag,ada_serve_product_entity_simulation_MD_FLAG_FS,,MD_FLAG,TRUE,TRUE,MD_FLAG,,md_flag,FALSE
,ada_serve_product_entity_simulation,,,TRUE,TRUE,PERC_STORE_ON_MD,,perc_store_on_md,FALSE
perc_store_on_md,ada_serve_product_entity_simulation_PERC_STORE_ON_MD_FS,,PERC_STORE_ON_MD,TRUE,TRUE,PERC_STORE_ON_MD,,perc_store_on_md,FALSE
,ada_serve_product_entity_simulation,,,TRUE,TRUE,START_FLAG,,start_flag,FALSE
start_flag,ada_serve_product_entity_simulation_START_FLAG_FS,,START_FLAG,TRUE,TRUE,START_FLAG,,start_flag,FALSE
,ada_serve_product_entity_simulation,,,TRUE,TRUE,END_FLAG,,end_flag,FALSE
end_flag,ada_serve_product_entity_simulation_END_FLAG_FS,,END_FLAG,TRUE,TRUE,END_FLAG,,end_flag,FALSE
,ada_serve_product_entity_simulation,,,TRUE,TRUE,PERC_MD_ROLLING_INV,,perc_md_rolling_inv,FALSE
perc_md_rolling_inv,ada_serve_product_entity_simulation_PERC_MD_ROLLING_INV_FS,,PERC_MD_ROLLING_INV,TRUE,TRUE,PERC_MD_ROLLING_INV,,perc_md_rolling_inv,FALSE
,ada_serve_simulation,,,TRUE,TRUE,MD_FLAG,,md_flag,FALSE
md_flag,ada_serve_simulation_MD_FLAG_FS,,MD_FLAG,TRUE,TRUE,MD_FLAG,,md_flag,FALSE
,ada_serve_simulation,,,TRUE,TRUE,PERC_STORE_ON_MD,,perc_store_on_md,FALSE
perc_store_on_md,ada_serve_simulation_PERC_STORE_ON_MD_FS,,PERC_STORE_ON_MD,TRUE,TRUE,PERC_STORE_ON_MD,,perc_store_on_md,FALSE
,ada_serve_simulation,,,TRUE,TRUE,START_FLAG,,start_flag,FALSE
start_flag,ada_serve_simulation_START_FLAG_FS,,START_FLAG,TRUE,TRUE,START_FLAG,,start_flag,FALSE
,ada_serve_simulation,,,TRUE,TRUE,END_FLAG,,end_flag,FALSE
end_flag,ada_serve_simulation_END_FLAG_FS,,END_FLAG,TRUE,TRUE,END_FLAG,,end_flag,FALSE
,ada_serve_simulation,,,TRUE,TRUE,SKU_STORE_COUNT_INV,,sku_store_count_inv,FALSE
sku_store_count_inv,ada_serve_simulation_SKU_STORE_COUNT_INV_FS,,SKU_STORE_COUNT_INV,TRUE,TRUE,SKU_STORE_COUNT_INV,,sku_store_count_inv,FALSE
,ada_serve_simulation,,,TRUE,TRUE,PERC_MD_ROLLING_INV,,perc_md_rolling_inv,FALSE
perc_md_rolling_inv,ada_serve_simulation_PERC_MD_ROLLING_INV_FS,,PERC_MD_ROLLING_INV,TRUE,TRUE,PERC_MD_ROLLING_INV,,perc_md_rolling_inv,FALSE
cost,ada_serve_product_entity_simulation_COST_FS,,COST,TRUE,TRUE,COST,,cost,FALSE
coupon_discount_per_unit,ada_serve_product_entity_simulation_COUPON_FS,,COUPON,TRUE,TRUE,COUPON,,coupon_discount_per_unit,FALSE
msrp,ada_serve_product_entity_simulation_MSRP_FS,,MSRP,TRUE,TRUE,MSRP,,msrp,FALSE
rolling_avg_inv,ada_serve_product_entity_simulation_ROLL_AVG_INV_FS,,ROLL_AVG_INV,TRUE,TRUE,ROLL_AVG_INV,,rolling_avg_inv,FALSE
age,ada_serve_product_simulation,,age,TRUE,TRUE,,,age,FALSE
coupon_discount_per_unit,ada_serve_product_simulation,,coupon_discount_per_unit,TRUE,TRUE,,,coupon_discount_per_unit,FALSE
inv_ratio,ada_serve_product_simulation,,inv_ratio,TRUE,TRUE,,,inv_ratio,FALSE
msrp,ada_serve_product_simulation,,msrp,TRUE,TRUE,,,msrp,FALSE
rolling_avg_qty_ratio_4,ada_serve_product_simulation,,rolling_avg_qty_ratio_4,TRUE,TRUE,,,rolling_avg_qty_ratio_4,FALSE
qty,ada_serve_simulation,,,TRUE,TRUE,,,qty,FALSE
trend,ada_serve_simulation,,,TRUE,TRUE,,,CASE WHEN fiscal_year = 2019 THEN 3 WHEN fiscal_year = 2020 THEN 4 WHEN fiscal_year = 2021 THEN 5 WHEN fiscal_year = 2022 THEN 6 WHEN fiscal_year = 2023 THEN 7 WHEN fiscal_year = 2024 THEN 8 WHEN fiscal_year = 2025 THEN 9 END,FALSE
,ada_serve_simulation,,,TRUE,TRUE,AGE,,age,FALSE
,ada_serve_simulation,,,TRUE,TRUE,COST,,cost,FALSE
,ada_serve_simulation,,,TRUE,TRUE,COUPON,,coupon_discount_per_unit,FALSE
,ada_serve_simulation,,,TRUE,TRUE,MSRP_BIGLOTS,,msrp,FALSE
,ada_serve_simulation,,,TRUE,TRUE,ROLL_AVG_INV,,rolling_avg_inv,FALSE
cost,ada_serve_simulation_COST_FS,,COST,TRUE,TRUE,COST,,cost,FALSE
coupon_discount_per_unit,ada_serve_simulation_COUPON_FS,,COUPON,TRUE,TRUE,COUPON,,coupon_discount_per_unit,FALSE
msrp,ada_serve_simulation_MSRP_FS,,MSRP,TRUE,TRUE,MSRP,,msrp,FALSE
rolling_avg_inv,ada_serve_simulation_ROLL_AVG_INV_FS,,ROLL_AVG_INV,TRUE,TRUE,ROLL_AVG_INV,,rolling_avg_inv,FALSE
 labor_day,agg__master_aggregate__l0_name,int64,master_table,TRUE,,,max,max(labor_day) as labor_day,FALSE
age,agg__master_aggregate__l0_name,int64,master_table,FALSE,,,max,"avg(date_diff(product_max_date,product_min_date,week)+1) as age",FALSE
channel,agg__master_aggregate__l0_name,string,master_table,FALSE,,,max,max(channel) as channel,FALSE
christmas,agg__master_aggregate__l0_name,int64,master_table,TRUE,,,max,max(christmas) as christmas,FALSE
columbus_day,agg__master_aggregate__l0_name,int64,master_table,TRUE,,,max,max(columbus_day) as columbus_day,FALSE
cost,agg__master_aggregate__l0_name,float64,master_table,TRUE,,,sum,"safe_divide(sum(cost*qty),sum(qty)) as cost",FALSE
coupon_discount_per_unit,agg__master_aggregate__l0_name,float64,master_table,FALSE,,,avg,"safe_divide(sum(coupon_discount_per_unit*qty),sum(qty)) as coupon_discount_per_unit",FALSE
discount_amount,agg__master_aggregate__l0_name,float64,master_table,TRUE,,,avg,sum(discount_amount) as discount_amount,FALSE
discount_percentage,agg__master_aggregate__l0_name,float64,master_table,TRUE,,,avg,"safe_divide(sum(msrp*qty)-sum(revenue),sum(msrp*qty))as discount_percentage",FALSE
easter,agg__master_aggregate__l0_name,int64,master_table,TRUE,,,max,max(easter) as easter,FALSE
fathers_day,agg__master_aggregate__l0_name,int64,master_table,TRUE,,,max,max(fathers_day) as fathers_day,FALSE
fiscal_bi_week,agg__master_aggregate__l0_name,int64,master_table,TRUE,,,max,max(case when fiscal_week!=53 then ceil(fiscal_week/2) ELSE 26 END) as fiscal_bi_week,FALSE
fiscal_month,agg__master_aggregate__l0_name,int64,master_table,TRUE,,,,,TRUE
fiscal_quarter,agg__master_aggregate__l0_name,int64,master_table,TRUE,,,,,TRUE
fiscal_week,agg__master_aggregate__l0_name,int64,master_table,TRUE,,,,,TRUE
fiscal_year,agg__master_aggregate__l0_name,int64,master_table,TRUE,,,,,TRUE
fiscal_year_week,agg__master_aggregate__l0_name,int64,master_table,FALSE,,,max,max(fiscal_year_week) as fiscal_year_week,FALSE
good_friday,agg__master_aggregate__l0_name,int64,master_table,TRUE,,,max,max(good_friday) as good_friday,FALSE
halloween,agg__master_aggregate__l0_name,int64,master_table,TRUE,,,max,max(halloween) as halloween,FALSE
independence_day,agg__master_aggregate__l0_name,int64,master_table,TRUE,,,max,max(independence_day) as independence_day,FALSE
l0_id,agg__master_aggregate__l0_name,varchar,master_table,FALSE,,,,,TRUE
l0_name,agg__master_aggregate__l0_name,string,master_table,FALSE,,,max,max(l0_name) as l0_name,FALSE
memorial_day,agg__master_aggregate__l0_name,int64,master_table,TRUE,,,max,max(memorial_day) as memorial_day,FALSE
mlk_day,agg__master_aggregate__l0_name,int64,master_table,TRUE,,,max,max(mlk_day) as mlk_day,FALSE
month_seasonality ,agg__master_aggregate__l0_name,float,master_table,TRUE,,,avg,avg(month_seasonality_l0) as month_seasonality,FALSE
mothers_day,agg__master_aggregate__l0_name,int64,master_table,TRUE,,,max,max(mothers_day) as mothers_day,FALSE
msrp,agg__master_aggregate__l0_name,float64,master_table,TRUE,,,sum,"safe_divide(sum(msrp*qty),sum(qty)) as msrp",FALSE
new_year,agg__master_aggregate__l0_name,int64,master_table,TRUE,,,max,max(new_year) as new_year,FALSE
percent_off,agg__master_aggregate__l0_name,float64,master_table,TRUE,,,avg,"safe_divide(sum(msrp*qty)-sum(pre_coupon_price*qty),sum(msrp*qty))as percent_off",FALSE
percent_off_flag,agg__master_aggregate__l0_name,int64,master_table,FALSE,,,max,case when sum(discount_percentage) > 0 then 1 else 0 end as percent_off_flag,FALSE
presidents_day,agg__master_aggregate__l0_name,int64,master_table,TRUE,,,max,max(presidents_day) as presidents_day,FALSE
price_imputed,agg__master_aggregate__l0_name,float64,master_table,TRUE,,,avg,"safe_divide(sum(price_imputed*qty),sum(qty)) as price_imputed",FALSE
qty,agg__master_aggregate__l0_name,float64,master_table,TRUE,,,sum,sum(qty) as qty,FALSE
sku_count,agg__master_aggregate__l0_name,int64,master_table,TRUE,,,count,count(distinct product_code) as sku_count,FALSE
sku_store_count,agg__master_aggregate__l0_name,int64,master_table,TRUE,,,count,"count(distinct concat(store_code, product_code)) as sku_store_count",FALSE
st_patricks_day,agg__master_aggregate__l0_name,int64,master_table,TRUE,,,max,max(st_patricks_day) as st_patricks_day,FALSE
store_count,agg__master_aggregate__l0_name,int64,master_table,TRUE,,,count,count(distinct store_code) as store_count,FALSE
thanks_giving,agg__master_aggregate__l0_name,int64,master_table,TRUE,,,max,max(thanks_giving) as thanks_giving,FALSE
trend,agg__master_aggregate__l0_name,int64,master_table,FALSE,,,max,CASE WHEN fiscal_year = 2019 THEN 3 WHEN fiscal_year = 2020 THEN 4 WHEN fiscal_year = 2021 THEN 5 WHEN fiscal_year = 2022 THEN 6 WHEN fiscal_year = 2023 THEN 7 WHEN fiscal_year = 2024 THEN 8 WHEN fiscal_year = 2025 THEN 9 END,FALSE
valentines_day,agg__master_aggregate__l0_name,int64,master_table,TRUE,,,max,max(valentines_day) as valentines_day,FALSE
week_seasonality ,agg__master_aggregate__l0_name,float,master_table,TRUE,,,avg,avg(week_seasonality_l0) as week_seasonality,FALSE
winter_warm_up,agg__master_aggregate__l0_name,int64,master_table,TRUE,,,max,max(winter_warm_up) as winter_warm_up,FALSE
 labor_day,agg__master_aggregate__l1_name,int64,master_table,TRUE,,,max,max(labor_day) as labor_day,FALSE
age,agg__master_aggregate__l1_name,int64,master_table,FALSE,,,max,"avg(date_diff(product_max_date,product_min_date,week)+1) as age",FALSE
channel,agg__master_aggregate__l1_name,string,master_table,FALSE,,,max,max(channel) as channel,FALSE
christmas,agg__master_aggregate__l1_name,int64,master_table,TRUE,,,max,max(christmas) as christmas,FALSE
columbus_day,agg__master_aggregate__l1_name,int64,master_table,TRUE,,,max,max(columbus_day) as columbus_day,FALSE
cost,agg__master_aggregate__l1_name,float64,master_table,TRUE,,,sum,"safe_divide(sum(cost*qty),sum(qty)) as cost",FALSE
coupon_discount_per_unit,agg__master_aggregate__l1_name,float64,master_table,FALSE,,,avg,"safe_divide(sum(coupon_discount_per_unit*qty),sum(qty)) as coupon_discount_per_unit",FALSE
discount_amount,agg__master_aggregate__l1_name,float64,master_table,TRUE,,,avg,sum(discount_amount) as discount_amount,FALSE
discount_percentage,agg__master_aggregate__l1_name,float64,master_table,TRUE,,,avg,"safe_divide(sum(msrp*qty)-sum(revenue),sum(msrp*qty))as discount_percentage",FALSE
easter,agg__master_aggregate__l1_name,int64,master_table,TRUE,,,max,max(easter) as easter,FALSE
fathers_day,agg__master_aggregate__l1_name,int64,master_table,TRUE,,,max,max(fathers_day) as fathers_day,FALSE
fiscal_bi_week,agg__master_aggregate__l1_name,int64,master_table,TRUE,,,max,max(case when fiscal_week!=53 then ceil(fiscal_week/2) ELSE 26 END) as fiscal_bi_week,FALSE
fiscal_month,agg__master_aggregate__l1_name,int64,master_table,TRUE,,,,,TRUE
fiscal_quarter,agg__master_aggregate__l1_name,int64,master_table,TRUE,,,,,TRUE
fiscal_week,agg__master_aggregate__l1_name,int64,master_table,TRUE,,,,,TRUE
fiscal_year,agg__master_aggregate__l1_name,int64,master_table,TRUE,,,,,TRUE
fiscal_year_week,agg__master_aggregate__l1_name,int64,master_table,FALSE,,,max,max(fiscal_year_week) as fiscal_year_week,FALSE
good_friday,agg__master_aggregate__l1_name,int64,master_table,TRUE,,,max,max(good_friday) as good_friday,FALSE
halloween,agg__master_aggregate__l1_name,int64,master_table,TRUE,,,max,max(halloween) as halloween,FALSE
independence_day,agg__master_aggregate__l1_name,int64,master_table,TRUE,,,max,max(independence_day) as independence_day,FALSE
l0_id,agg__master_aggregate__l1_name,varchar,master_table,FALSE,,,,,TRUE
l0_name,agg__master_aggregate__l1_name,string,master_table,FALSE,,,max,max(l0_name) as l0_name,FALSE
l1_id ,agg__master_aggregate__l1_name,varchar,master_table,FALSE,,,,,TRUE
l1_name,agg__master_aggregate__l1_name,string,master_table,FALSE,,,max,max(l1_name) as l1_name,FALSE
memorial_day,agg__master_aggregate__l1_name,int64,master_table,TRUE,,,max,max(memorial_day) as memorial_day,FALSE
mlk_day,agg__master_aggregate__l1_name,int64,master_table,TRUE,,,max,max(mlk_day) as mlk_day,FALSE
month_seasonality ,agg__master_aggregate__l1_name,float,master_table,TRUE,,,avg,avg(month_seasonality_l1) as month_seasonality,FALSE
mothers_day,agg__master_aggregate__l1_name,int64,master_table,TRUE,,,max,max(mothers_day) as mothers_day,FALSE
msrp,agg__master_aggregate__l1_name,float64,master_table,TRUE,,,sum,"safe_divide(sum(msrp*qty),sum(qty)) as msrp",FALSE
new_year,agg__master_aggregate__l1_name,int64,master_table,TRUE,,,max,max(new_year) as new_year,FALSE
percent_off,agg__master_aggregate__l1_name,float64,master_table,TRUE,,,avg,"safe_divide(sum(msrp*qty)-sum(pre_coupon_price*qty),sum(msrp*qty))as percent_off",FALSE
percent_off_flag,agg__master_aggregate__l1_name,int64,master_table,FALSE,,,max,case when sum(discount_percentage) > 0 then 1 else 0 end as percent_off_flag,FALSE
presidents_day,agg__master_aggregate__l1_name,int64,master_table,TRUE,,,max,max(presidents_day) as presidents_day,FALSE
price_imputed,agg__master_aggregate__l1_name,float64,master_table,TRUE,,,avg,"safe_divide(sum(price_imputed*qty),sum(qty)) as price_imputed",FALSE
qty,agg__master_aggregate__l1_name,float64,master_table,TRUE,,,sum,sum(qty) as qty,FALSE
sku_count,agg__master_aggregate__l1_name,int64,master_table,TRUE,,,count,count(distinct product_code) as sku_count,FALSE
sku_store_count,agg__master_aggregate__l1_name,int64,master_table,TRUE,,,count,"count(distinct concat(store_code, product_code)) as sku_store_count",FALSE
st_patricks_day,agg__master_aggregate__l1_name,int64,master_table,TRUE,,,max,max(st_patricks_day) as st_patricks_day,FALSE
store_count,agg__master_aggregate__l1_name,int64,master_table,TRUE,,,count,count(distinct store_code) as store_count,FALSE
thanks_giving,agg__master_aggregate__l1_name,int64,master_table,TRUE,,,max,max(thanks_giving) as thanks_giving,FALSE
trend,agg__master_aggregate__l1_name,int64,master_table,FALSE,,,max,CASE WHEN fiscal_year = 2019 THEN 3 WHEN fiscal_year = 2020 THEN 4 WHEN fiscal_year = 2021 THEN 5 WHEN fiscal_year = 2022 THEN 6 WHEN fiscal_year = 2023 THEN 7 WHEN fiscal_year = 2024 THEN 8 WHEN fiscal_year = 2025 THEN 9 END,FALSE
valentines_day,agg__master_aggregate__l1_name,int64,master_table,TRUE,,,max,max(valentines_day) as valentines_day,FALSE
week_seasonality ,agg__master_aggregate__l1_name,float,master_table,TRUE,,,avg,avg(week_seasonality_l1) as week_seasonality,FALSE
winter_warm_up,agg__master_aggregate__l1_name,int64,master_table,TRUE,,,max,max(winter_warm_up) as winter_warm_up,FALSE
 labor_day,agg__master_aggregate__l2_name,int64,master_table,TRUE,,,max,max(labor_day) as labor_day,FALSE
age,agg__master_aggregate__l2_name,int64,master_table,FALSE,,,max,"avg(date_diff(product_max_date,product_min_date,week)+1) as age",FALSE
channel,agg__master_aggregate__l2_name,string,master_table,FALSE,,,max,max(channel) as channel,FALSE
christmas,agg__master_aggregate__l2_name,int64,master_table,TRUE,,,max,max(christmas) as christmas,FALSE
columbus_day,agg__master_aggregate__l2_name,int64,master_table,TRUE,,,max,max(columbus_day) as columbus_day,FALSE
cost,agg__master_aggregate__l2_name,float64,master_table,TRUE,,,sum,"safe_divide(sum(cost*qty),sum(qty)) as cost",FALSE
coupon_discount_per_unit,agg__master_aggregate__l2_name,float64,master_table,FALSE,,,avg,"safe_divide(sum(coupon_discount_per_unit*qty),sum(qty)) as coupon_discount_per_unit",FALSE
discount_amount,agg__master_aggregate__l2_name,float64,master_table,TRUE,,,avg,sum(discount_amount) as discount_amount,FALSE
easter,agg__master_aggregate__l2_name,int64,master_table,TRUE,,,max,max(easter) as easter,FALSE
fathers_day,agg__master_aggregate__l2_name,int64,master_table,TRUE,,,max,max(fathers_day) as fathers_day,FALSE
fiscal_bi_week,agg__master_aggregate__l2_name,int64,master_table,TRUE,,,max,max(case when fiscal_week!=53 then ceil(fiscal_week/2) ELSE 26 END) as fiscal_bi_week,FALSE
fiscal_month,agg__master_aggregate__l2_name,int64,master_table,TRUE,,,,,TRUE
fiscal_quarter,agg__master_aggregate__l2_name,int64,master_table,TRUE,,,,,TRUE
fiscal_week,agg__master_aggregate__l2_name,int64,master_table,TRUE,,,,,TRUE
fiscal_year,agg__master_aggregate__l2_name,int64,master_table,TRUE,,,,,TRUE
fiscal_year_week,agg__master_aggregate__l2_name,int64,master_table,FALSE,,,max,max(fiscal_year_week) as fiscal_year_week,FALSE
good_friday,agg__master_aggregate__l2_name,int64,master_table,TRUE,,,max,max(good_friday) as good_friday,FALSE
halloween,agg__master_aggregate__l2_name,int64,master_table,TRUE,,,max,max(halloween) as halloween,FALSE
independence_day,agg__master_aggregate__l2_name,int64,master_table,TRUE,,,max,max(independence_day) as independence_day,FALSE
l0_id,agg__master_aggregate__l2_name,varchar,master_table,FALSE,,,,,TRUE
l0_name,agg__master_aggregate__l2_name,string,master_table,FALSE,,,max,max(l0_name) as l0_name,FALSE
l1_id,agg__master_aggregate__l2_name,varchar,master_table,FALSE,,,,,TRUE
l1_name,agg__master_aggregate__l2_name,string,master_table,FALSE,,,max,max(l1_name) as l1_name,FALSE
l2_id,agg__master_aggregate__l2_name,varchar,master_table,FALSE,,,,,TRUE
l2_name,agg__master_aggregate__l2_name,string,master_table,FALSE,,,max,max(l2_name) as l2_name,FALSE
memorial_day,agg__master_aggregate__l2_name,int64,master_table,TRUE,,,max,max(memorial_day) as memorial_day,FALSE
mlk_day,agg__master_aggregate__l2_name,int64,master_table,TRUE,,,max,max(mlk_day) as mlk_day,FALSE
month_seasonality ,agg__master_aggregate__l2_name,float,master_table,TRUE,,,avg,avg(month_seasonality_l2) as month_seasonality,FALSE
mothers_day,agg__master_aggregate__l2_name,int64,master_table,TRUE,,,max,max(mothers_day) as mothers_day,FALSE
msrp,agg__master_aggregate__l2_name,float64,master_table,TRUE,,,sum,"safe_divide(sum(msrp*qty),sum(qty)) as msrp",FALSE
new_year,agg__master_aggregate__l2_name,int64,master_table,TRUE,,,max,max(new_year) as new_year,FALSE
percent_off,agg__master_aggregate__l2_name,float64,master_table,TRUE,,,avg,"safe_divide(sum(msrp*qty)-sum(pre_coupon_price*qty),sum(msrp*qty))as percent_off",FALSE
percent_off_flag,agg__master_aggregate__l2_name,int64,master_table,FALSE,,,max,case when sum(discount_percentage) > 0 then 1 else 0 end as percent_off_flag,FALSE
presidents_day,agg__master_aggregate__l2_name,int64,master_table,TRUE,,,max,max(presidents_day) as presidents_day,FALSE
price_imputed,agg__master_aggregate__l2_name,float64,master_table,TRUE,,,avg,"safe_divide(sum(price_imputed*qty),sum(qty)) as price_imputed",FALSE
qty,agg__master_aggregate__l2_name,float64,master_table,TRUE,,,sum,sum(qty) as qty,FALSE
sku_count,agg__master_aggregate__l2_name,int64,master_table,TRUE,,,count,count(distinct product_code) as sku_count,FALSE
sku_store_count,agg__master_aggregate__l2_name,int64,master_table,TRUE,,,count,"count(distinct concat(store_code, product_code)) as sku_store_count",FALSE
st_patricks_day,agg__master_aggregate__l2_name,int64,master_table,TRUE,,,max,max(st_patricks_day) as st_patricks_day,FALSE
store_count,agg__master_aggregate__l2_name,int64,master_table,TRUE,,,count,count(distinct store_code) as store_count,FALSE
thanks_giving,agg__master_aggregate__l2_name,int64,master_table,TRUE,,,max,max(thanks_giving) as thanks_giving,FALSE
trend,agg__master_aggregate__l2_name,int64,master_table,FALSE,,,max,CASE WHEN fiscal_year = 2019 THEN 3 WHEN fiscal_year = 2020 THEN 4 WHEN fiscal_year = 2021 THEN 5 WHEN fiscal_year = 2022 THEN 6 WHEN fiscal_year = 2023 THEN 7 WHEN fiscal_year = 2024 THEN 8 WHEN fiscal_year = 2025 THEN 9 END,FALSE
valentines_day,agg__master_aggregate__l2_name,int64,master_table,TRUE,,,max,max(valentines_day) as valentines_day,FALSE
week_seasonality ,agg__master_aggregate__l2_name,float,master_table,TRUE,,,avg,avg(week_seasonality_l2) as week_seasonality,FALSE
winter_warm_up,agg__master_aggregate__l2_name,int64,master_table,TRUE,,,max,max(winter_warm_up) as winter_warm_up,FALSE
 labor_day,agg__master_aggregate__l3_name,int64,master_table,TRUE,,,max,max(labor_day) as labor_day,FALSE
age,agg__master_aggregate__l3_name,int64,master_table,FALSE,,,max,"avg(date_diff(l3_max_date,l3_min_date,week)+1) as age",FALSE
channel,agg__master_aggregate__l3_name,string,master_table,FALSE,,,max,max(channel) as channel,FALSE
christmas,agg__master_aggregate__l3_name,int64,master_table,TRUE,,,max,max(christmas) as christmas,FALSE
columbus_day,agg__master_aggregate__l3_name,int64,master_table,TRUE,,,max,max(columbus_day) as columbus_day,FALSE
cost,agg__master_aggregate__l3_name,float64,master_table,TRUE,,,sum,"safe_divide(sum(cost*qty),sum(qty)) as cost",FALSE
coupon_discount_per_unit,agg__master_aggregate__l3_name,float64,master_table,FALSE,,,avg,"safe_divide(sum(coupon_discount_per_unit*qty),sum(qty)) as coupon_discount_per_unit",FALSE
discount_amount,agg__master_aggregate__l3_name,float64,master_table,TRUE,,,avg,sum(discount_amount) as discount_amount,FALSE
easter,agg__master_aggregate__l3_name,int64,master_table,TRUE,,,max,max(easter) as easter,FALSE
fathers_day,agg__master_aggregate__l3_name,int64,master_table,TRUE,,,max,max(fathers_day) as fathers_day,FALSE
fiscal_bi_week,agg__master_aggregate__l3_name,int64,master_table,TRUE,,,max,max(case when fiscal_week!=53 then ceil(fiscal_week/2) ELSE 26 END) as fiscal_bi_week,FALSE
fiscal_month,agg__master_aggregate__l3_name,int64,master_table,TRUE,,,,,TRUE
fiscal_quarter,agg__master_aggregate__l3_name,int64,master_table,TRUE,,,,,TRUE
fiscal_week,agg__master_aggregate__l3_name,int64,master_table,TRUE,,,,,TRUE
fiscal_year,agg__master_aggregate__l3_name,int64,master_table,TRUE,,,,,TRUE
fiscal_year_week,agg__master_aggregate__l3_name,int64,master_table,FALSE,,,max,max(fiscal_year_week) as fiscal_year_week,FALSE
good_friday,agg__master_aggregate__l3_name,int64,master_table,TRUE,,,max,max(good_friday) as good_friday,FALSE
halloween,agg__master_aggregate__l3_name,int64,master_table,TRUE,,,max,max(halloween) as halloween,FALSE
independence_day,agg__master_aggregate__l3_name,int64,master_table,TRUE,,,max,max(independence_day) as independence_day,FALSE
l0_id,agg__master_aggregate__l3_name,varchar,master_table,FALSE,,,,,TRUE
l0_name,agg__master_aggregate__l3_name,string,master_table,FALSE,,,max,max(l0_name) as l0_name,FALSE
l1_id,agg__master_aggregate__l3_name,varchar,master_table,FALSE,,,,,TRUE
l1_name,agg__master_aggregate__l3_name,string,master_table,FALSE,,,max,max(l1_name) as l1_name,FALSE
l2_id,agg__master_aggregate__l3_name,varchar,master_table,FALSE,,,,,TRUE
l2_name,agg__master_aggregate__l3_name,string,master_table,FALSE,,,max,max(l2_name) as l2_name,FALSE
l3_id,agg__master_aggregate__l3_name,varchar,master_table,FALSE,,,,,TRUE
l3_name,agg__master_aggregate__l3_name,string,master_table,FALSE,,,max,max(l3_name) as l3_name,FALSE
memorial_day,agg__master_aggregate__l3_name,int64,master_table,TRUE,,,max,max(memorial_day) as memorial_day,FALSE
mlk_day,agg__master_aggregate__l3_name,int64,master_table,TRUE,,,max,max(mlk_day) as mlk_day,FALSE
month_seasonality ,agg__master_aggregate__l3_name,float,master_table,TRUE,,,avg,avg(month_seasonality_l3) as month_seasonality,FALSE
mothers_day,agg__master_aggregate__l3_name,int64,master_table,TRUE,,,max,max(mothers_day) as mothers_day,FALSE
msrp,agg__master_aggregate__l3_name,float64,master_table,TRUE,,,sum,"safe_divide(sum(msrp*qty),sum(qty)) as msrp",FALSE
new_year,agg__master_aggregate__l3_name,int64,master_table,TRUE,,,max,max(new_year) as new_year,FALSE
percent_off,agg__master_aggregate__l3_name,float64,master_table,TRUE,,,avg,"safe_divide(sum(msrp*qty)-sum(pre_coupon_price*qty),sum(msrp*qty))as percent_off",FALSE
percent_off_flag,agg__master_aggregate__l3_name,int64,master_table,FALSE,,,max,case when sum(discount_percentage) > 0 then 1 else 0 end as percent_off_flag,FALSE
presidents_day,agg__master_aggregate__l3_name,int64,master_table,TRUE,,,max,max(presidents_day) as presidents_day,FALSE
price_imputed,agg__master_aggregate__l3_name,float64,master_table,TRUE,,,avg,"safe_divide(sum(price_imputed*qty),sum(qty)) as price_imputed",FALSE
qty,agg__master_aggregate__l3_name,float64,master_table,TRUE,,,sum,sum(qty) as qty,FALSE
sku_count,agg__master_aggregate__l3_name,int64,master_table,TRUE,,,count,count(distinct product_code) as sku_count,FALSE
sku_store_count,agg__master_aggregate__l3_name,int64,master_table,TRUE,,,count,"count(distinct concat(store_code, product_code)) as sku_store_count",FALSE
st_patricks_day,agg__master_aggregate__l3_name,int64,master_table,TRUE,,,max,max(st_patricks_day) as st_patricks_day,FALSE
store_count,agg__master_aggregate__l3_name,int64,master_table,TRUE,,,count,count(distinct store_code) as store_count,FALSE
thanks_giving,agg__master_aggregate__l3_name,int64,master_table,TRUE,,,max,max(thanks_giving) as thanks_giving,FALSE
trend,agg__master_aggregate__l3_name,int64,master_table,FALSE,,,max,CASE WHEN fiscal_year=2019 THEN 3 WHEN fiscal_year=2020 THEN 4 WHEN fiscal_year=2021 THEN 5 WHEN fiscal_year=2022 THEN 6 WHEN fiscal_year=2023 THEN 7 WHEN fiscal_year=2024 THEN 8 WHEN fiscal_year=2025 THEN 9 END as trend ,FALSE
valentines_day,agg__master_aggregate__l3_name,int64,master_table,TRUE,,,max,max(valentines_day) as valentines_day,FALSE
week_seasonality ,agg__master_aggregate__l3_name,float,master_table,TRUE,,,avg,avg(week_seasonality_l3) as week_seasonality,FALSE
winter_warm_up,agg__master_aggregate__l3_name,int64,master_table,TRUE,,,max,max(winter_warm_up) as winter_warm_up,FALSE
 labor_day,agg__master_aggregate__product_code,int64,master_table,TRUE,,,max,max(labor_day) as labor_day,FALSE
age,agg__master_aggregate__product_code,int64,master_table,FALSE,,,max,"avg(date_diff(product_max_date,product_min_date,week)+1) as age",FALSE
channel,agg__master_aggregate__product_code,string,master_table,FALSE,,,max,max(channel) as channel,FALSE
christmas,agg__master_aggregate__product_code,int64,master_table,TRUE,,,max,max(christmas) as christmas,FALSE
columbus_day,agg__master_aggregate__product_code,int64,master_table,TRUE,,,max,max(columbus_day) as columbus_day,FALSE
cost,agg__master_aggregate__product_code,float64,master_table,TRUE,,,sum,"safe_divide(sum(cost*qty),sum(qty)) as cost",FALSE
coupon_discount_per_unit,agg__master_aggregate__product_code,float64,master_table,FALSE,,,avg,"safe_divide(sum(coupon_discount_per_unit*qty),sum(qty)) as coupon_discount_per_unit",FALSE
discount_amount,agg__master_aggregate__product_code,float64,master_table,TRUE,,,avg,sum(discount_amount) as discount_amount,FALSE
discount_percentage,agg__master_aggregate__product_code,float64,master_table,TRUE,,,avg,"safe_divide(sum(msrp*qty)-sum(revenue),sum(msrp*qty))as discount_percentage",FALSE
easter,agg__master_aggregate__product_code,int64,master_table,TRUE,,,max,max(easter) as easter,FALSE
fathers_day,agg__master_aggregate__product_code,int64,master_table,TRUE,,,max,max(fathers_day) as fathers_day,FALSE
fiscal_bi_week,agg__master_aggregate__product_code,int64,master_table,TRUE,,,max,max(case when fiscal_week!=53 then ceil(fiscal_week/2) ELSE 26 END) as fiscal_bi_week,FALSE
fiscal_month,agg__master_aggregate__product_code,int64,master_table,TRUE,,,,,TRUE
fiscal_quarter,agg__master_aggregate__product_code,int64,master_table,TRUE,,,,,TRUE
fiscal_week,agg__master_aggregate__product_code,int64,master_table,TRUE,,,,,TRUE
fiscal_year,agg__master_aggregate__product_code,int64,master_table,TRUE,,,,,TRUE
fiscal_year_week,agg__master_aggregate__product_code,int64,master_table,TRUE,,,max,max(fiscal_year_week) as fiscal_year_week,FALSE
good_friday,agg__master_aggregate__product_code,int64,master_table,TRUE,,,max,max(good_friday) as good_friday,FALSE
halloween,agg__master_aggregate__product_code,int64,master_table,TRUE,,,max,max(halloween) as halloween,FALSE
independence_day,agg__master_aggregate__product_code,int64,master_table,TRUE,,,max,max(independence_day) as independence_day,FALSE
l0_id,agg__master_aggregate__product_code,varchar,master_table,FALSE,,,,,TRUE
l0_name,agg__master_aggregate__product_code,string,master_table,FALSE,,,max,max(l0_name) as l0_name,FALSE
l1_id,agg__master_aggregate__product_code,varchar,master_table,FALSE,,,,,TRUE
l1_name,agg__master_aggregate__product_code,string,master_table,FALSE,,,max,max(l1_name) as l1_name,FALSE
l2_id,agg__master_aggregate__product_code,varchar,master_table,FALSE,,,,,TRUE
l2_name,agg__master_aggregate__product_code,string,master_table,FALSE,,,max,max(l2_name) as l2_name,FALSE
l3_id,agg__master_aggregate__product_code,varchar,master_table,FALSE,,,,,TRUE
l3_name,agg__master_aggregate__product_code,string,master_table,FALSE,,,max,max(l3_name) as l3_name,FALSE
memorial_day,agg__master_aggregate__product_code,int64,master_table,TRUE,,,max,max(memorial_day) as memorial_day,FALSE
mlk_day,agg__master_aggregate__product_code,int64,master_table,TRUE,,,max,max(mlk_day) as mlk_day,FALSE
month_seasonality ,agg__master_aggregate__product_code,float,master_table,TRUE,,,avg,avg(month_seasonality_prod) as month_seasonality,FALSE
mothers_day,agg__master_aggregate__product_code,int64,master_table,TRUE,,,max,max(mothers_day) as mothers_day,FALSE
msrp,agg__master_aggregate__product_code,float64,master_table,TRUE,,,sum,"safe_divide(sum(msrp*qty),sum(qty)) as msrp",FALSE
new_year,agg__master_aggregate__product_code,int64,master_table,TRUE,,,max,max(new_year) as new_year,FALSE
oh_inv,agg__master_aggregate__product_code,float64,master_table,TRUE,,,avg,avg(oh_inv) as oh_inv ,FALSE
percent_off,agg__master_aggregate__product_code,float64,master_table,TRUE,,,avg,"safe_divide(sum(msrp*qty)-sum(pre_coupon_price*qty),sum(msrp*qty))as percent_off",FALSE
percent_off_flag,agg__master_aggregate__product_code,int64,master_table,FALSE,,,max,case when sum(discount_percentage) > 0 then 1 else 0 end as percent_off_flag,FALSE
presidents_day,agg__master_aggregate__product_code,int64,master_table,TRUE,,,max,max(presidents_day) as presidents_day,FALSE
price_imputed,agg__master_aggregate__product_code,float64,master_table,TRUE,,,avg,"safe_divide(sum(price_imputed*qty),sum(qty)) as price_imputed",FALSE
product_code,agg__master_aggregate__product_code,string,master_table,FALSE,,,,,TRUE
qty,agg__master_aggregate__product_code,float64,master_table,TRUE,,,sum,sum(qty) as qty,FALSE
qty_ratio,agg__master_aggregate__product_code,float64,master_table,TRUE,,,max,"safe_divide(sum(qty),max(qty_l3)) as qty_ratio",FALSE
sku_count,agg__master_aggregate__product_code,int64,master_table,TRUE,,,count,count(distinct product_code) as sku_count,FALSE
sku_store_count,agg__master_aggregate__product_code,int64,master_table,TRUE,,,count,"count(distinct concat(store_code, product_code)) as sku_store_count",FALSE
st_patricks_day,agg__master_aggregate__product_code,int64,master_table,TRUE,,,max,max(st_patricks_day) as st_patricks_day,FALSE
store_count,agg__master_aggregate__product_code,int64,master_table,TRUE,,,count,count(distinct store_code) as store_count,FALSE
thanks_giving,agg__master_aggregate__product_code,int64,master_table,TRUE,,,max,max(thanks_giving) as thanks_giving,FALSE
trend,agg__master_aggregate__product_code,int64,master_table,FALSE,,,max,CASE WHEN fiscal_year = 2019 THEN 3 WHEN fiscal_year = 2020 THEN 4 WHEN fiscal_year = 2021 THEN 5 WHEN fiscal_year = 2022 THEN 6 WHEN fiscal_year = 2023 THEN 7 WHEN fiscal_year = 2024 THEN 8 WHEN fiscal_year = 2025 THEN 9 END,FALSE
valentines_day,agg__master_aggregate__product_code,int64,master_table,TRUE,,,max,max(valentines_day) as valentines_day,FALSE
week_seasonality ,agg__master_aggregate__product_code,float,master_table,TRUE,,,avg,avg(week_seasonality_prod) as week_seasonality,FALSE
winter_warm_up,agg__master_aggregate__product_code,int64,master_table,TRUE,,,max,max(winter_warm_up) as winter_warm_up,FALSE
 labor_day,aggregation,int64,master_table,TRUE,,,max,max(labor_day) as labor_day,FALSE
age,aggregation,int64,master_table,FALSE,,,max,"avg(date_diff(product_max_date,product_min_date,week)+1) as age",FALSE
christmas,aggregation,int64,master_table,TRUE,,,max,max(christmas) as christmas,FALSE
columbus_day,aggregation,int64,master_table,TRUE,,,max,max(columbus_day) as columbus_day,FALSE
cost,aggregation,float64,master_table,TRUE,,,sum,"safe_divide(sum(cost*qty),sum(qty)) as cost",FALSE
coupon_discount_per_unit,aggregation,float64,master_table,FALSE,,,avg,"safe_divide(sum(coupon_discount_per_unit*qty),sum(qty)) as coupon_discount_per_unit",FALSE
discount_amount,aggregation,float64,master_table,TRUE,,,avg,sum(discount_amount) as discount_amount,FALSE
discount_percentage,aggregation,float64,master_table,TRUE,,,avg,"safe_divide(sum(msrp*qty)-sum(revenue),sum(msrp*qty))as discount_percentage",FALSE
easter,aggregation,int64,master_table,TRUE,,,max,max(easter) as easter,FALSE
fathers_day,aggregation,int64,master_table,TRUE,,,max,max(fathers_day) as fathers_day,FALSE
fiscal_bi_week,aggregation,int64,master_table,TRUE,,,max,max(case when fiscal_week!=53 then ceil(fiscal_week/2)ELSE 26 END) as fiscal_bi_week,FALSE
fiscal_month,aggregation,int64,master_table,TRUE,,,max,max(fiscal_month) as fiscal_month,FALSE
fiscal_quarter,aggregation,int64,master_table,TRUE,,,max,max(fiscal_quarter) as fiscal_quarter,FALSE
fiscal_week,aggregation,int64,master_table,TRUE,,,max,max(fiscal_week) as fiscal_week,FALSE
fiscal_year,aggregation,int64,master_table,TRUE,,,max,max(fiscal_year) as fiscal_year,FALSE
good_friday,aggregation,int64,master_table,TRUE,,,max,max(good_friday) as good_friday,FALSE
halloween,aggregation,int64,master_table,TRUE,,,max,max(halloween) as halloween,FALSE
independence_day,aggregation,int64,master_table,TRUE,,,max,max(independence_day) as independence_day,FALSE
memorial_day,aggregation,int64,master_table,TRUE,,,max,max(memorial_day) as memorial_day,FALSE
mlk_day,aggregation,int64,master_table,TRUE,,,max,max(mlk_day) as mlk_day,FALSE
mothers_day,aggregation,int64,master_table,TRUE,,,max,max(mothers_day) as mothers_day,FALSE
msrp,aggregation,float64,master_table,TRUE,,,sum,"safe_divide(sum(msrp*qty),sum(qty)) as msrp",FALSE
new_year,aggregation,int64,master_table,TRUE,,,max,max(new_year) as new_year,FALSE
percent_off,aggregation,float64,master_table,TRUE,,,avg,"safe_divide(sum(msrp*qty)-sum(pre_coupon_price*qty),sum(msrp*qty))as percent_off",FALSE
presidents_day,aggregation,int64,master_table,TRUE,,,max,max(presidents_day) as presidents_day,FALSE
price_imputed,aggregation,float64,master_table,TRUE,,,avg,"safe_divide(sum(price_imputed*qty),sum(qty)) as price_imputed",FALSE
product_code,aggregation,int64,master_table,FALSE,,,max,max(product_code) as product_code,FALSE
qty,aggregation,float64,master_table,TRUE,,,sum,sum(qty) as qty,FALSE
sku_count,aggregation,int64,master_table,TRUE,,,count,count(distinct product_code) as sku_count,FALSE
sku_store_count,aggregation,int64,master_table,TRUE,,,count,"count(distinct concat(store_code, product_code)) as sku_store_count",FALSE
st_patricks_day,aggregation,int64,master_table,TRUE,,,max,max(st_patricks_day) as st_patricks_day,FALSE
store_count,aggregation,int64,master_table,TRUE,,,count,count(distinct store_code) as store_count,FALSE
thanks_giving,aggregation,int64,master_table,TRUE,,,max,max(thanks_giving) as thanks_giving,FALSE
trend,aggregation,int64,master_table,FALSE,,,max,CASE WHEN fiscal_year = 2019 THEN 3 WHEN fiscal_year = 2020 THEN 4 WHEN fiscal_year = 2021 THEN 5 WHEN fiscal_year = 2022 THEN 6 WHEN fiscal_year = 2023 THEN 7 WHEN fiscal_year = 2024 THEN 8 WHEN fiscal_year = 2025 THEN 9 END,FALSE
valentines_day,aggregation,int64,master_table,TRUE,,,max,max(valentines_day) as valentines_day,FALSE
winter_warm_up,aggregation,int64,master_table,TRUE,,,max,max(winter_warm_up) as winter_warm_up,FALSE
cost,impute_features,float,master_table,FALSE,price,,,,FALSE
discount_amount,impute_features,float,master_table,FALSE,discount,,,,FALSE
discount_percentage,impute_features,float,master_table,FALSE,,,,,FALSE
oh,impute_features,float,master_table,FALSE,inventory,,,,FALSE
qty,impute_features,float,master_table,FALSE,qty,,,,FALSE
active_stores_cutoff,lost_sales,float,,TRUE,numerical,,,"{'ECCOM': 0.3, 'BnM': 0.3}",FALSE
lsi_channel,lost_sales,float,,TRUE,numerical,,,[],FALSE
sell_through_cutoff,lost_sales,float,,TRUE,numerical,,,"{'ECCOM': 0.3, 'BnM': 0.3}",FALSE
channel,master_table,string,transaction_master,FALSE,,,max,max(channel) as channel,FALSE
christmas,master_table,int64,event_master,FALSE,,,max,max(christmas) as christmas,FALSE
columbus_day,master_table,int64,event_master,FALSE,,,max,max(columbus_day) as columbus_day,FALSE
cost,master_table,float64,transaction_master,TRUE,,,sum,"safe_divide(sum(cost*qty),sum(qty)) as cost",
coupon_discount ,master_table,float64,transaction_master,FALSE,,,sum,sum(coupon_discount) as coupon_discount,FALSE
coupon_discount_per_unit,master_table,float64,transaction_master,FALSE,,,avg,"safe_divide(sum(coupon_discount),sum(pre_coupon_price*qty)) as coupon_discount_per_unit",FALSE
discount_amount,master_table,float64,transaction_master,FALSE,,,sum,sum(discount_amount) as discount_amount,FALSE
discount_percentage,master_table,float64,transaction_master,FALSE,,,avg,"safe_divide(sum(msrp*qty)-sum(revenue),sum(msrp*qty))as discount_percentage",FALSE
easter,master_table,int64,event_master,FALSE,,,max,max(easter) as easter,FALSE
fathers_day,master_table,int64,event_master,FALSE,,,max,max(fathers_day) as fathers_day,FALSE
fiscal_bi_week,master_table,int64,fiscal_date_mapping,FALSE,,,max,max(fiscal_bi_week) as fiscal_bi_week,FALSE
fiscal_month,master_table,int64,fiscal_date_mapping,FALSE,,,max,max(fiscal_month) as fiscal_month,FALSE
fiscal_quarter,master_table,int64,fiscal_date_mapping,FALSE,,,max,max(fiscal_quarter) as fiscal_quarter,FALSE
fiscal_week,master_table,int64,fiscal_date_mapping,FALSE,,,max,max(fiscal_week) as fiscal_week,FALSE
fiscal_year,master_table,int64,fiscal_date_mapping,FALSE,,,max,max(fiscal_year) as fiscal_year,FALSE
fiscal_year_week,master_table,int64,fiscal_date_mapping,FALSE,,,max,max(fiscal_year_week) as fiscal_year_week,FALSE
good_friday,master_table,int64,event_master,FALSE,,,max,max(good_friday) as good_friday,FALSE
halloween,master_table,int64,event_master,FALSE,,,max,max(halloween) as halloween,FALSE
independence_day,master_table,int64,event_master,FALSE,,,max,max(independence_day) as independence_day,FALSE
l0_id,master_table,varchar,product_master,FALSE,,,max,max(l0_id) as l0_id,FALSE
l0_name,master_table,varchar,product_master,FALSE,,,max,max(l0_name) as l0_name,TRUE
l1_id,master_table,varchar,product_master,FALSE,,,max,max(l1_id) as l1_id,FALSE
l1_name,master_table,varchar,product_master,FALSE,,,max,max(l1_name) as l1_name,FALSE
l2_id,master_table,varchar,product_master,FALSE,,,max,max(l2_id) as l2_id,FALSE
l2_name,master_table,varchar,product_master,FALSE,,,max,max(l2_name) as l2_name,FALSE
l3_id,master_table,varchar,product_master,FALSE,,,max,max(l3_id) as l3_id,FALSE
l3_max_date,master_table,int64,master_table,FALSE,,,max,"max(date) over(partition by l3_name,fiscal_year_week) as l3_max_date",FALSE
l3_min_date,master_table,int64,productmindate_master,FALSE,,,min,min(l3_min_date) as l3_min_date,FALSE
l3_name,master_table,varchar,product_master,FALSE,,,max,max(l3_name) as l3_name,FALSE
labor_day,master_table,int64,event_master,FALSE,,,max,max(labor_day) as labor_day,FALSE
max_date_in_week,master_table,Date,master_table,FALSE,,,max,max(date) over(partition by fiscal_week) as max_date_in_week,FALSE
memorial_day,master_table,int64,event_master,FALSE,,,max,max(memorial_day) as memorial_day,FALSE
mlk_day,master_table,int64,event_master,FALSE,,,max,max(mlk_day) as mlk_day,FALSE
month_seasonality_l0,master_table,float,master_table,TRUE,,,avg,"coalesce(safe_divide(sum(qty) over(partition by l0_id,fiscal_month),sum(qty) over(partition by l0_id)),0) as month_seasonality_l0",FALSE
month_seasonality_l1,master_table,float,master_table,TRUE,,,avg,"coalesce(safe_divide(sum(qty) over(partition by l0_id,l1_id,fiscal_month),sum(qty) over(partition by l0_id,l1_id)),0) as month_seasonality_l1",FALSE
month_seasonality_l2,master_table,float,master_table,TRUE,,,avg,"coalesce(safe_divide(sum(qty) over(partition by l0_id,l1_id,l2_id,fiscal_month),sum(qty) over(partition by l0_id,l1_id,l3_id)),0) as month_seasonality_l2",FALSE
month_seasonality_l3,master_table,float,master_table,TRUE,,,avg,"coalesce(safe_divide(sum(qty) over(partition by l0_id,l1_id,l2_id,l3_id,fiscal_month),sum(qty) over(partition by l0_id,l1_id,l2_id,l3_id)),0) as month_seasonality_l3",FALSE
month_seasonality_prod,master_table,float,master_table,TRUE,,,avg,"coalesce(safe_divide(sum(qty) over(partition by product_code,fiscal_month),sum(qty) over(partition by product_code)),0) as month_seasonality_prod",FALSE
mothers_day,master_table,int64,event_master,FALSE,,,max,max(mothers_day) as mothers_day,FALSE
msrp,master_table,float64,transaction_master,TRUE,,,sum,"safe_divide(sum(msrp*qty),sum(qty)) as msrp",FALSE
new_year,master_table,int64,event_master,FALSE,,,max,max(new_year) as new_year,FALSE
oh,master_table,float64,inventory_master,FALSE,,,max,max(oh) as oh,FALSE
oh_inv,master_table,float64,transaction_master,TRUE,,,avg,avg(oh_inv) as oh_inv ,FALSE
percent_off,master_table,float64,transaction_master,FALSE,,,avg,"safe_divide(sum(msrp*qty)-sum(pre_coupon_price*qty),sum(msrp*qty))as percent_off",FALSE
pre_coupon_price,master_table,float64,transaction_master,FALSE,,,avg,"safe_divide(sum(pre_coupon_price*qty),sum(qty)) as pre_coupon_price",FALSE
presidents_day,master_table,int64,event_master,FALSE,,,max,max(presidents_day) as presidents_day,FALSE
price_imputed,master_table,float64,transaction_master,TRUE,,,avg,"safe_divide(sum(price*qty),sum(qty)) as price_imputed",
product_max_date,master_table,int64,master_table,FALSE,,,max,"max(date) over(partition by product_code,fiscal_year_week) as product_max_date",FALSE
product_min_date,master_table,int64,productmindate_master,FALSE,,,min,min(product_min_date) as product_min_date,FALSE
qty,master_table,float64,transaction_master,FALSE,,,sum,sum(qty) as qty,FALSE
qty_l3,master_table,float64,master_table,FALSE,,,max,"sum(qty) over(partition by l0_id,l1_id,l2_id,l3_id,fiscal_year_week) as qty_l3",FALSE
rev_sc_ly,master_table,float64,master_table,FALSE,,,sum,sum(case when fiscal_year=2021 then revenue else 0 end) over() as rev_sc_ly,FALSE
rev_sc_ty,master_table,float64,master_table,FALSE,,,sum,sum(case when fiscal_year=2022 then revenue else 0 end) over() as rev_sc_ty,FALSE
revenue,master_table,float64,transaction_master,FALSE,,,sum,sum(revenue) as revenue,FALSE
st_patricks_day,master_table,int64,event_master,FALSE,,,max,max(st_patricks_day) as st_patricks_day,FALSE
store_code,master_table,int64,store_master,TRUE,,,max,max(store_code) as store_code,FALSE
thanks_giving,master_table,int64,event_master,FALSE,,,max,max(thanks_giving) as thanks_giving,FALSE
transaction_code,master_table,float64,transaction_master,FALSE,,,max,max(transaction_code) as transaction_code,FALSE
valentines_day,master_table,int64,event_master,FALSE,,,max,max(valentines_day) as valentines_day,FALSE
week_seasonality_l0,master_table,float,master_table,TRUE,,,avg,"coalesce(safe_divide(sum(qty) over(partition by l0_id,fiscal_week),sum(qty) over(partition by l0_id)),0) as week_seasonality_l0",FALSE
week_seasonality_l1,master_table,float,master_table,TRUE,,,avg,"coalesce(safe_divide(sum(qty) over(partition by l0_id,l1_id,fiscal_week),sum(qty) over(partition by l0_id,l1_id)),0) as week_seasonality_l1",FALSE
week_seasonality_l2,master_table,float,master_table,TRUE,,,avg,"coalesce(safe_divide(sum(qty) over(partition by l0_id,l1_id,l2_id,fiscal_week),sum(qty) over(partition by l0_id,l1_id,l3_id)),0) as week_seasonality_l2",FALSE
week_seasonality_l3,master_table,float,master_table,TRUE,,,avg,"coalesce(safe_divide(sum(qty) over(partition by l0_id,l1_id,l2_id,l3_id,fiscal_week),sum(qty) over(partition by l0_id,l1_id,l2_id,l3_id)),0) as week_seasonality_l3",FALSE
week_seasonality_prod,master_table,float,master_table,TRUE,,,avg,"coalesce(safe_divide(sum(qty) over(partition by product_code,fiscal_week),sum(qty) over(partition by product_code)),0) as week_seasonality_prod",FALSE
winter_warm_up,master_table,int64,event_master,FALSE,,,max,max(winter_warm_up) as winter_warm_up,FALSE
aur_sc,sc__BnM,float64,master_table,TRUE,,,sum,"safe_divide(sum(rev_sc_ty),sum(qty)) as aur",FALSE
sell_through_sc,sc__BnM,float64,master_table,TRUE,,,avg,"avg(safe_divide(qty,oh)) as sell_through_sc",FALSE
aur_sc,sc__ECOM,float64,master_table,TRUE,,,sum,"safe_divide(sum(rev_sc_ty),sum(qty)) as aur",FALSE
sell_through_sc,sc__ECOM,float64,master_table,TRUE,,,avg,"avg(safe_divide(qty,oh)) as sell_through_sc",FALSE
calendar_date,simulation_fiscal_date_col_removal,,fiscal_date_mapping,TRUE,,,,calendar_date,FALSE
calendar_date,simulation_fiscal_date_col_removal,,fiscal_date_mapping,TRUE,,,,calendar_date,FALSE
date,simulation_fiscal_date_col_removal,,fiscal_date_mapping,TRUE,,,,date,FALSE
date,simulation_fiscal_date_col_removal,,fiscal_date_mapping,TRUE,,,,date,FALSE
date_id,simulation_fiscal_date_col_removal,,fiscal_date_mapping,TRUE,,,,date_id,FALSE
date_id,simulation_fiscal_date_col_removal,,fiscal_date_mapping,TRUE,,,,date_id,FALSE
day_of_week,simulation_fiscal_date_col_removal,,fiscal_date_mapping,TRUE,,,,day_of_week,FALSE
day_of_week,simulation_fiscal_date_col_removal,,fiscal_date_mapping,TRUE,,,,day_of_week,FALSE
fiscal_day,simulation_fiscal_date_col_removal,,fiscal_date_mapping,TRUE,,,,fiscal_day,FALSE
fiscal_day,simulation_fiscal_date_col_removal,,fiscal_date_mapping,TRUE,,,,fiscal_day,FALSE
fiscal_day_in_month,simulation_fiscal_date_col_removal,,fiscal_date_mapping,TRUE,,,,fiscal_day_in_month,FALSE
fiscal_day_in_month,simulation_fiscal_date_col_removal,,fiscal_date_mapping,TRUE,,,,fiscal_day_in_month,FALSE
fiscal_day_in_quarter,simulation_fiscal_date_col_removal,,fiscal_date_mapping,TRUE,,,,fiscal_day_in_quarter,FALSE
fiscal_day_in_quarter,simulation_fiscal_date_col_removal,,fiscal_date_mapping,TRUE,,,,fiscal_day_in_quarter,FALSE
fiscal_day_in_season,simulation_fiscal_date_col_removal,,fiscal_date_mapping,TRUE,,,,fiscal_day_in_season,FALSE
fiscal_day_in_season,simulation_fiscal_date_col_removal,,fiscal_date_mapping,TRUE,,,,fiscal_day_in_season,FALSE
fiscal_day_in_week,simulation_fiscal_date_col_removal,,fiscal_date_mapping,TRUE,,,,fiscal_day_in_week,FALSE
fiscal_day_in_week,simulation_fiscal_date_col_removal,,fiscal_date_mapping,TRUE,,,,fiscal_day_in_week,FALSE
fiscal_day_in_year,simulation_fiscal_date_col_removal,,fiscal_date_mapping,TRUE,,,,fiscal_day_in_year,FALSE
fiscal_day_in_year,simulation_fiscal_date_col_removal,,fiscal_date_mapping,TRUE,,,,fiscal_day_in_year,FALSE
fiscal_day_name,simulation_fiscal_date_col_removal,,fiscal_date_mapping,TRUE,,,,fiscal_day_name,FALSE
fiscal_day_name,simulation_fiscal_date_col_removal,,fiscal_date_mapping,TRUE,,,,fiscal_day_name,FALSE
fiscal_day_name_abb,simulation_fiscal_date_col_removal,,fiscal_date_mapping,TRUE,,,,fiscal_day_name_abb,FALSE
fiscal_day_name_abb,simulation_fiscal_date_col_removal,,fiscal_date_mapping,TRUE,,,,fiscal_day_name_abb,FALSE
fiscal_month_name,simulation_fiscal_date_col_removal,,fiscal_date_mapping,TRUE,,,,fiscal_month_name,FALSE
fiscal_month_name,simulation_fiscal_date_col_removal,,fiscal_date_mapping,TRUE,,,,fiscal_month_name,FALSE
fiscal_month_name_abb,simulation_fiscal_date_col_removal,,fiscal_date_mapping,TRUE,,,,fiscal_month_name_abb,FALSE
fiscal_month_name_abb,simulation_fiscal_date_col_removal,,fiscal_date_mapping,TRUE,,,,fiscal_month_name_abb,FALSE
fiscal_season_begin_date,simulation_fiscal_date_col_removal,,fiscal_date_mapping,TRUE,,,,fiscal_season_begin_date,FALSE
fiscal_season_begin_date,simulation_fiscal_date_col_removal,,fiscal_date_mapping,TRUE,,,,fiscal_season_begin_date,FALSE
fiscal_season_end_date,simulation_fiscal_date_col_removal,,fiscal_date_mapping,TRUE,,,,fiscal_season_end_date,FALSE
fiscal_season_end_date,simulation_fiscal_date_col_removal,,fiscal_date_mapping,TRUE,,,,fiscal_season_end_date,FALSE
weekday_indicator,simulation_fiscal_date_col_removal,,fiscal_date_mapping,TRUE,,,,weekday_indicator,FALSE
weekday_indicator,simulation_fiscal_date_col_removal,,fiscal_date_mapping,TRUE,,,,weekday_indicator,FALSE
