"model_id","Parameter_id"
6,1
6,2
6,3
6,4
6,5
6,6
6,7
6,8
7,2
7,3
7,4
7,5
7,6
7,7
7,8
7,10
7,11
7,12
7,13
7,14
8,4
8,5
8,7
10,3
10,4
10,15
10,16
11,1
12,1
12,3
12,4
12,15
12,16
14,2
14,17
14,18
14,19
14,20
14,21
14,22
14,23
14,24
14,25
14,26
14,27
15,2
15,20
15,26
15,27
15,41
15,42
15,43
15,44
15,45
15,47
15,48
15,49
17,1
19,50
19,51
20,1
22,1
22,2
22,4
22,5
22,7
23,2
23,4
23,5
23,7
24,1
26,2
26,3
26,4
26,5
23,6
27,1
27,2
27,3
27,5
27,6
27,14
29,41
29,42
29,60
29,61
29,62
29,63
29,64
29,65
29,49
30,4
30,66
31,1
31,4
31,66
32,3
33,1
33,3
33,4
29,67
31,68
30,68
15,69
18,70
26,6
32,71
32,4
33,71
35,18
35,72
36,1
36,72
37,73
37,42
37,69
37,74
37,75
25,42
39,50
15,92
42,78
16,41
16,42
40,79
40,80
40,81
40,82
15,93
45,77
45,84
45,85
15,94
44,83
15,86
15,87
15,88
15,89
15,90
46,91
15,95
15,96
15,97
15,98
15,99
15,100
37,15
49,107
50,1
52,1
52,4
52,108
52,109
52,110
52,111
52,112
52,113
50,42
29,114
29,115
29,101
29,102
29,103
29,104
29,105
29,106
15,117
37,118
37,119
37,120
54,121
54,122
54,123
15,124
25,69
25,125
53,42
58,1
55,2
55,20
55,26
55,27
55,41
55,42
55,43
55,44
55,45
55,47
55,48
55,49
55,69
55,92
55,93
55,94
55,86
55,87
55,88
55,89
55,90
55,95
55,96
55,97
55,98
55,99
55,100
55,117
55,124
57,42
57,69
57,125
55,126
55,126
55,108
56,73
56,42
56,69
56,74
56,75
56,15
56,118
56,119
56,120
15,127
15,128
65,1
66,1
55,4
67,42
67,41
67,129
67,88
67,43
67,20
68,130
68,47
55,124
69,1
69,14
55,14
71,104
71,105
71,131
71,42
71,41
72,106
72,133
72,132
72,42
72,41
72,63
55,135
73,42
73,134
