filter_id,config_id,filter_type,filter_key,filter_value,filter_order,description,is_active,created_at,updated_at,created_by,updated_by
2,1,paf_filter,,AND active = true,,PAF filter for Primark,true,2026-01-27 15:35:38.261 +0530,,,
4,1,paf_column,,article,1,PAF column: article,true,2026-01-27 15:35:38.261 +0530,,,
5,1,paf_column,,product_description,2,PAF column: product description,true,2026-01-27 15:35:38.261 +0530,,,
6,1,paf_column,,l2_name,3,PAF column: l2_name,true,2026-01-27 15:35:38.261 +0530,,,
7,1,paf_column,,l3_name,4,PAF column: l3_name,true,2026-01-27 15:35:38.261 +0530,,,
8,1,paf_column,,l4_name,5,PAF column: l4_name,false,2026-01-27 15:35:38.261 +0530,,,
9,1,paf_column,,l5_name,6,PAF column: l5_name,false,2026-01-27 15:35:38.261 +0530,,,
10,1,paf_column,,l0_name,5,PAF column: l0_name (Division),true,2026-01-27 15:35:38.261 +0530,,,
26,1,paf_column,,l1_name,6,PAF column: l1_name (Department),true,2026-01-27 15:35:38.261 +0530,,,
11,1,paf_column,,product_attribute_8,9,PAF column: product_attribute_8,false,2026-01-27 15:35:38.261 +0530,,,
12,1,paf_column,,primary_vendor_name,7,PAF column: primary_vendor_name,true,2026-01-27 15:35:38.261 +0530,,,
14,1,query_replacement,article,oclt.article,,Column mapping for article,true,2026-01-27 15:35:38.261 +0530,,,
1103,11,paf_filter,,and paf.active,,PAF filter for Primark,true,2026-01-27 15:35:38.261 +0530,,,
1104,11,paf_join_condition,,ocs.product_code = paf.product_code,,Standard PAF join for Primark,true,2026-01-27 15:35:38.261 +0530,,,
1105,11,paf_column,,product_description,1,PAF column: product_description,true,2026-01-27 15:35:38.261 +0530,,,
1106,11,paf_column,,product_code,2,PAF column: product_code,true,2026-01-27 15:35:38.261 +0530,,,
1107,11,paf_column,,size,3,PAF column: size,true,2026-01-27 15:35:38.261 +0530,,,
1108,11,paf_column,,article,4,PAF column: article,true,2026-01-27 15:35:38.261 +0530,,,
1109,11,paf_column,,product_type,5,PAF column: product_type,true,2026-01-27 15:35:38.261 +0530,,,
1110,11,paf_column,,product_attribute_8,6,PAF column: product_attribute_8,false,2026-01-27 15:35:38.261 +0530,,,
1111,11,paf_column,,l0_name,6,PAF column: l0_name (Division),true,2026-01-27 15:35:38.261 +0530,,,
1116,11,paf_column,,l1_name,7,PAF column: l1_name (Department),true,2026-01-27 15:35:38.261 +0530,,,
1112,11,paf_column,,l2_name,8,PAF column: l2_name (Class),true,2026-01-27 15:35:38.261 +0530,,,
1113,11,paf_column,,l3_name,9,PAF column: l3_name (Sub Class),true,2026-01-27 15:35:38.261 +0530,,,
1114,11,paf_column,,l4_name,10,PAF column: l4_name,false,2026-01-27 15:35:38.261 +0530,,,
1115,11,paf_column,,l5_name,11,PAF column: l5_name,false,2026-01-27 15:35:38.261 +0530,,,
1118,11,paf_column,,primary_vendor_name,10,PAF column: primary_vendor_name,true,2026-01-27 15:35:38.261 +0530,,,
1117,11,additional_join,,"left join oms.oms_pack_config opc on ocs.product_code = opc.product_code",,Join pack config table,true,2026-01-27 15:35:38.261 +0530,,,
1120,11,query_replacement,article,paf.article,,Column mapping for article,true,2026-01-27 15:35:38.261 +0530,,,
2104,21,paf_join_condition,,ocss.article = paf.article,,PAF join condition,true,2026-02-02 10:00:00.000 +0530,,,
2105,21,paf_filter,,AND active,,PAF filter,true,2026-02-02 10:00:00.000 +0530,,,
2106,21,paf_column,,article,1,PAF column: article,true,2026-02-02 10:00:00.000 +0530,,,
2107,21,paf_column,,l2_name,2,PAF column: l2_name,true,2026-02-02 10:00:00.000 +0530,,,
2108,21,paf_column,,l3_name,3,PAF column: l3_name,true,2026-02-02 10:00:00.000 +0530,,,
2109,21,paf_column,,l4_name,4,PAF column: l4_name,false,2026-02-02 10:00:00.000 +0530,,,
2110,21,paf_column,,l5_name,5,PAF column: l5_name,false,2026-02-02 10:00:00.000 +0530,,,
2111,21,paf_column,,l0_name,4,PAF column: l0_name (Division),true,2026-02-02 10:00:00.000 +0530,,,
2114,21,paf_column,,l1_name,5,PAF column: l1_name (Department),true,2026-02-02 10:00:00.000 +0530,,,
2112,21,paf_column,,primary_vendor_name,6,PAF column: primary_vendor_name,true,2026-02-02 10:00:00.000 +0530,,,
2113,21,paf_column,,product_attribute_8,8,PAF column: product_attribute_8,false,2026-02-02 10:00:00.000 +0530,,,
2117,21,paf_column,,product_type,7,PAF column: product_type,true,2026-02-02 10:00:00.000 +0530,,,
2115,21,paf_column,,product_description,8,PAF column: product_description,true,2026-02-02 10:00:00.000 +0530,,,
2116,21,paf_column,,product_code,9,PAF column: product_code,true,2026-02-02 10:00:00.000 +0530,,,
3102,31,paf_join_condition,,ovdlt.article = paf.article,,PAF join condition,true,2026-02-03 10:00:00.000 +0530,,,
3103,31,additional_joins,,"LEFT JOIN oms.oms_pack_config opc ON ovdlt.article = opc.article",,Pack config join,true,2026-02-03 10:00:00.000 +0530,,,
3104,31,query_replacement,article,ovdlt.article,,Column mapping for article inside subquery,true,2026-02-03 10:00:00.000 +0530,,,
3105,31,outer_query_replacement,article,temp.article,,Column mapping for article outside subquery,true,2026-02-03 10:00:00.000 +0530,,,
4101,41,paf_join_condition,,ocss.article = paf.article,,PAF join condition,true,2026-02-04 10:00:00.000 +0530,,,
4102,41,paf_filter,,AND active,,PAF filter,true,2026-02-04 10:00:00.000 +0530,,,
5101,51,paf_join_condition,,ok.product_code = paf.product_code,,PAF join condition for safety stock graph,true,2026-02-11 12:00:00.000 +0530,,,
5102,51,paf_filter_column,,article,,PAF filter column name,true,2026-02-11 12:00:00.000 +0530,,,
5103,51,paf_distinct_column,,product_code,1,PAF column: product_code,true,2026-02-11 12:00:00.000 +0530,,,
5104,51,paf_column,,article,2,PAF column: article,true,2026-02-11 12:00:00.000 +0530,,,
6101,61,paf_join_condition,,ocs.product_code = paf.product_code,,PAF join condition for Primark,true,2026-02-13 16:00:00.000 +0530,,,
6102,61,paf_filter,,AND active,,PAF filter for Primark,true,2026-02-13 16:00:00.000 +0530,,,
6103,61,paf_column,,article,1,PAF column: article,true,2026-02-13 16:00:00.000 +0530,,,
6104,61,paf_column,,style,2,PAF column: style,false,2026-02-13 16:00:00.000 +0530,,,
6105,61,paf_column,,size,2,PAF column: size,true,2026-02-13 16:00:00.000 +0530,,,
6106,61,paf_column,,l0_name,3,PAF column: l0_name,true,2026-02-13 16:00:00.000 +0530,,,
6107,61,paf_column,,style_desc,5,PAF column: style_desc,false,2026-02-13 16:00:00.000 +0530,,,
6112,61,paf_column,,l1_name,4,PAF column: l1_name (Department),true,2026-02-13 16:00:00.000 +0530,,,
6108,61,paf_column,,l2_name,5,PAF column: l2_name,true,2026-02-13 16:00:00.000 +0530,,,
6109,61,paf_column,,l3_name,6,PAF column: l3_name,true,2026-02-13 16:00:00.000 +0530,,,
6110,61,paf_column,,l4_name,8,PAF column: l4_name,false,2026-02-13 16:00:00.000 +0530,,,
6111,61,paf_column,,l5_name,9,PAF column: l5_name,false,2026-02-13 16:00:00.000 +0530,,,
6113,61,paf_column,,product_code,7,PAF column: product_code,true,2026-02-13 16:00:00.000 +0530,,,
5201,52,paf_filter,,AND active,,PAF filter for vendor constraint rule list,true,2026-02-17 10:00:00.000 +0530,,,
5202,52,paf_column,,l0_name,1,PAF column: l0_name (Division),true,2026-02-17 10:00:00.000 +0530,,,
5203,52,paf_column,,l3_name,2,PAF column: l3_name,true,2026-02-17 10:00:00.000 +0530,,,
5204,52,paf_column,,l4_name,3,PAF column: l4_name,false,2026-02-17 10:00:00.000 +0530,,,
5205,52,paf_column,,l5_name,4,PAF column: l5_name,false,2026-02-17 10:00:00.000 +0530,,,
5206,52,paf_column,,l1_name,3,PAF column: l1_name (Department),true,2026-02-17 10:00:00.000 +0530,,,
5209,52,paf_column,,article,4,PAF column: article,true,2026-02-17 10:00:00.000 +0530,,,
5207,52,paf_column,,primary_vendor_name,5,PAF column: primary_vendor_name,true,2026-02-17 10:00:00.000 +0530,,,
5208,52,paf_column,,product_type,6,PAF column: product_type,true,2026-02-17 10:00:00.000 +0530,,,
7201,72,paf_filter,,and paf.active,,PAF filter for Primark rule set-all,true,2026-02-19 10:00:00.000 +0530,,,
8201,82,cte_column,,"(o->>'product_code')::TEXT AS product_code",1,CTE column: product_code,true,2026-03-06 10:00:00.000 +0530,,,
8202,82,cte_column,,"(o->>'vendor_code')::TEXT AS vendor_code",2,CTE column: vendor_code,true,2026-03-06 10:00:00.000 +0530,,,
8203,82,cte_column,,"(o->>'rop')::DATE AS rop",3,CTE column: rop,true,2026-03-06 10:00:00.000 +0530,,,
8204,82,join_condition,,t1.product_code = t2.product_code,1,Join: product_code,true,2026-03-06 10:00:00.000 +0530,,,
8205,82,join_condition,,t1.vendor_code = t2.vendor_code,2,Join: vendor_code,true,2026-03-06 10:00:00.000 +0530,,,
8206,82,join_condition,,t1.rop = t2.rop,3,Join: rop,true,2026-03-06 10:00:00.000 +0530,,,
9201,92,paf_source,,global.product_attributes_filter paf,1,PAF source table/subquery,true,2026-03-09 18:30:00.000 +0530,,,
9202,92,paf_filter,,paf.article = oor.article,2,Filter between oor and paf,true,2026-03-09 18:30:00.000 +0530,,,
9203,92,concat_col_article,,"COALESCE(paf.article, '''')",3,CONCAT field: article,true,2026-03-09 18:30:00.000 +0530,,,
9204,92,concat_col_placement_date,,"COALESCE(order_placement_date::text, '''')",4,CONCAT field: order_placement_date,true,2026-03-09 18:30:00.000 +0530,,,
9205,92,concat_col_placement_recom_date,,"COALESCE(order_placement_recom_date::text, '''')",5,CONCAT field: order_placement_recom_date,true,2026-03-09 18:30:00.000 +0530,,,
9206,92,concat_col_status_id,,"CASE WHEN order_status_id = 0 THEN 'True' ELSE 'False' END",6,CONCAT field: order_status_id flag,true,2026-03-09 18:30:00.000 +0530,,,
9302,93,config,has_order_group_id,OR oms_orders_recommended.order_group_id IN (SELECT unnest($3)),1,Enable order_group_id handling in status=-2,true,2026-03-09 22:00:00.000 +0530,,,
9303,93,join_condition,,oor.product_code = ok.product_code AND oor.loc_code = ok.loc_code,2,KPI JOIN condition,true,2026-03-09 22:00:00.000 +0530,,,
9304,93,where_clause,,oor.order_quantity > 0 AND,3,WHERE clause before oor.id = ANY($1),true,2026-03-09 22:00:00.000 +0530,,,
76,97,additional_join,,LEFT JOIN oms.oms_kpi ok ON paf.product_code = ok.product_code AND oor.loc_code = ok.loc_code,1,,true,2026-03-12 03:23:20.530 +0530,,,
77,97,additional_join,,JOIN (SELECT * FROM global.distribution_centres WHERE is_active AND NOT is_deleted) dc ON dc.linked_store_code = oor.loc_code,2,,true,2026-03-12 03:23:20.530 +0530,,,
70,97,cte_column,,ok.store_inv,1,,true,2026-03-12 03:23:20.530 +0530,,,
71,97,cte_column,,ok.dc_inv,2,,true,2026-03-12 03:23:20.530 +0530,,,
72,97,cte_column,,ok.system_inv,3,,true,2026-03-12 03:23:20.530 +0530,,,
73,97,cte_column,,ok.safety_stock,4,,true,2026-03-12 03:23:20.530 +0530,,,
74,97,cte_column,,ok.open_receipt_units,5,,true,2026-03-12 03:23:20.530 +0530,,,
75,97,cte_column,,oor.*,6,,true,2026-03-12 03:23:20.530 +0530,,,
78,97,outer_additional_joins,,LEFT JOIN (SELECT DISTINCT article FROM oms.oms_pack_config) opc ON opc.article = pko.article,1,,true,2026-03-12 03:23:20.530 +0530,,,
18,97,paf_column,"",product_code,1,,true,2026-03-11 10:57:55.659 +0530,,,
19,97,paf_column,"",l0_name,2,,true,2026-03-11 10:57:55.659 +0530,,,
20,97,paf_column,"",l1_name,3,,true,2026-03-11 10:57:55.659 +0530,,,
21,97,paf_column,"",l2_name,4,,true,2026-03-11 10:57:55.659 +0530,,,
22,97,paf_column,"",l3_name,5,,true,2026-03-11 10:57:55.659 +0530,,,
23,97,paf_column,"",l4_name,6,,false,2026-03-11 10:57:55.659 +0530,,,
24,97,paf_column,"",l5_name,7,,false,2026-03-11 10:57:55.659 +0530,,,
25,97,paf_column,"",l0_id,6,,false,2026-03-11 10:57:55.659 +0530,,,
79,97,paf_column,"",l1_id,7,,false,2026-03-11 10:57:55.659 +0530,,,
27,97,paf_column,"",l2_id,8,,false,2026-03-11 10:57:55.659 +0530,,,
28,97,paf_column,"",l3_id,9,,false,2026-03-11 10:57:55.659 +0530,,,
29,97,paf_column,"",l4_id,10,,false,2026-03-11 10:57:55.659 +0530,,,
30,97,paf_column,"",l5_id,11,,false,2026-03-11 10:57:55.659 +0530,,,
17,97,paf_filter,"","",,,true,2026-03-11 10:57:55.659 +0530,,,
16,97,paf_join_condition,"",oor.product_code = paf.product_code,,,true,2026-03-11 10:57:55.659 +0530,,,
9401,98,additional_join,,LEFT JOIN oms.oms_kpi ok ON paf.product_code = ok.product_code AND oor.loc_code = ok.loc_code,1,,true,2026-03-29 12:00:00.000 +0530,,,
9402,98,additional_join,,JOIN (SELECT * FROM global.distribution_centres WHERE is_active AND NOT is_deleted) dc ON dc.linked_store_code = oor.loc_code,2,,true,2026-03-29 12:00:00.000 +0530,,,
9403,98,cte_column,,paf.l1_name,1,,true,2026-03-29 12:00:00.000 +0530,,,
9404,98,cte_column,,paf.l0_name,2,,true,2026-03-29 12:00:00.000 +0530,,,
9405,98,cte_column,,paf.l2_name,3,,true,2026-03-29 12:00:00.000 +0530,,,
9406,98,cte_column,,ok.store_inv,4,,true,2026-03-29 12:00:00.000 +0530,,,
9407,98,cte_column,,ok.dc_inv,5,,true,2026-03-29 12:00:00.000 +0530,,,
9408,98,cte_column,,ok.system_inv,6,,true,2026-03-29 12:00:00.000 +0530,,,
9409,98,cte_column,,ok.safety_stock,7,,true,2026-03-29 12:00:00.000 +0530,,,
9410,98,cte_column,,ok.open_receipt_units,8,,true,2026-03-29 12:00:00.000 +0530,,,
9411,98,cte_column,,oor.*,9,,true,2026-03-29 12:00:00.000 +0530,,,
9412,98,outer_additional_joins,,LEFT JOIN (SELECT DISTINCT article FROM oms.oms_pack_config) opc ON opc.article = pko.article,1,,true,2026-03-29 12:00:00.000 +0530,,,
9413,98,paf_column,"",l1_name,1,,true,2026-03-29 12:00:00.000 +0530,,,
9414,98,paf_column,"",l0_name,2,,true,2026-03-29 12:00:00.000 +0530,,,
9415,98,paf_column,"",l2_name,3,,true,2026-03-29 12:00:00.000 +0530,,,
9416,98,paf_column,"",product_code,4,,true,2026-03-29 12:00:00.000 +0530,,,
9417,98,paf_static_subquery,,true,0,PAF subquery without GROUP BY for static SP parity,true,2026-03-29 12:00:00.000 +0530,,,
9423,98,paf_filter,"","",,,true,2026-03-29 12:00:00.000 +0530,,,
9424,98,paf_join_condition,"",oor.product_code = paf.product_code,,,true,2026-03-29 12:00:00.000 +0530,,,
9425,98,min_rop_select_column,,oor.article,1,min_rop_helper SELECT,true,2026-03-29 12:00:00.000 +0530,,,
9426,98,min_rop_select_column,,oor.loc_code,2,min_rop_helper SELECT,true,2026-03-29 12:00:00.000 +0530,,,
9427,98,min_rop_select_column,,oor.size,3,min_rop_helper SELECT,true,2026-03-29 12:00:00.000 +0530,,,
9428,98,min_rop_select_column,,oor.recom_receipt_date,4,min_rop_helper SELECT,true,2026-03-29 12:00:00.000 +0530,,,
9429,98,min_rop_select_column,,oor.product_code,5,min_rop_helper SELECT,true,2026-03-29 12:00:00.000 +0530,,,
9430,98,min_rop_select_column,,oor.rop,6,min_rop_helper SELECT,true,2026-03-29 12:00:00.000 +0530,,,
9431,98,min_rop_select_column,,oor.order_status_id,7,min_rop_helper SELECT,true,2026-03-29 12:00:00.000 +0530,,,
9432,98,min_rop_select_column,,oor.created_at,8,min_rop_helper SELECT,true,2026-03-29 12:00:00.000 +0530,,,
9433,98,min_rop_select_column,,oor.inventory_deficit_agg,9,min_rop_helper SELECT,true,2026-03-29 12:00:00.000 +0530,,,
9434,98,min_rop_select_column,,oor.lost_sales_agg,10,min_rop_helper SELECT,true,2026-03-29 12:00:00.000 +0530,,,
9435,98,min_rop_select_column,,oor.unit_cost,11,min_rop_helper SELECT,true,2026-03-29 12:00:00.000 +0530,,,
9436,98,min_rop_select_column,,oor.ia_shipment_order_quantity,12,min_rop_helper SELECT,true,2026-03-29 12:00:00.000 +0530,,,
9437,98,min_rop_select_column,,oor.roq_unconstrained,13,min_rop_helper SELECT,true,2026-03-29 12:00:00.000 +0530,,,
9438,98,min_rop_select_column,,oor.order_quantity,14,min_rop_helper SELECT,true,2026-03-29 12:00:00.000 +0530,,,
9439,98,min_rop_select_column,,oor.order_quantity_eaches,15,min_rop_helper SELECT,true,2026-03-29 12:00:00.000 +0530,,,
9440,98,min_rop_select_column,,oor.pack_id,16,min_rop_helper SELECT,true,2026-03-29 12:00:00.000 +0530,,,
9441,98,min_rop_select_column,,oor.order_placement_date,17,min_rop_helper SELECT,true,2026-03-29 12:00:00.000 +0530,,,
9442,98,min_rop_select_column,,oor.order_quantity * oor.unit_cost AS order_cost,18,min_rop_helper SELECT,true,2026-03-29 12:00:00.000 +0530,,,
9443,98,min_rop_select_column,,oor.raw_roq,19,min_rop_helper SELECT,true,2026-03-29 12:00:00.000 +0530,,,
9444,98,min_rop_select_column,,oor.roq_constrained,20,min_rop_helper SELECT,true,2026-03-29 12:00:00.000 +0530,,,
9445,98,min_rop_select_column,,oor.order_placement_recom_date,21,min_rop_helper SELECT,true,2026-03-29 12:00:00.000 +0530,,,
9446,98,min_rop_select_column,,oor.expected_receipt_date,22,min_rop_helper SELECT,true,2026-03-29 12:00:00.000 +0530,,,
9447,98,min_rop_select_column,,oor.order_type,23,min_rop_helper SELECT,true,2026-03-29 12:00:00.000 +0530,,,
9448,98,min_rop_select_column,,oor.elt_projected_safety_stock,24,min_rop_helper SELECT,true,2026-03-29 12:00:00.000 +0530,,,
9449,98,min_rop_select_column,,oor.elt_projected_bop,25,min_rop_helper SELECT,true,2026-03-29 12:00:00.000 +0530,,,
9450,98,min_rop_select_column,,oor.lost_sales_agg * oor.unit_cost AS lost_sales_agg_cost,26,min_rop_helper SELECT,true,2026-03-29 12:00:00.000 +0530,,,
9451,98,min_rop_select_column,,"ast.""order"" AS size_order",27,min_rop_helper SELECT,true,2026-03-29 12:00:00.000 +0530,,,
9452,98,min_rop_select_column,,"MIN(oor.rop) OVER (PARTITION BY oor.article, oor.loc_code) AS min_rop",28,min_rop_helper SELECT,true,2026-03-29 12:00:00.000 +0530,,,
9453,98,min_rop_join,,"LEFT JOIN oms.article_status_tag ast ON oor.product_code = ast.product_code AND oor.size = ast.size",1,min_rop_helper JOIN,true,2026-03-29 12:00:00.000 +0530,,,
9454,98,min_rop_where,,oor.order_status_id IN (0),1,min_rop_helper WHERE,true,2026-03-29 12:00:00.000 +0530,,,
9455,98,min_rop_where,,oor.order_gen_type != 'Manual',2,min_rop_helper WHERE,true,2026-03-29 12:00:00.000 +0530,,,
9456,98,min_rop_where,,oor.raw_roq > 0,3,min_rop_helper WHERE,true,2026-03-29 12:00:00.000 +0530,,,
9457,98,min_rop_where,,oor.order_type = 'Order Cycle',4,min_rop_helper WHERE,true,2026-03-29 12:00:00.000 +0530,,,
9458,98,min_rop_where,,oor.order_placement_date BETWEEN CURRENT_DATE AND CURRENT_DATE + INTERVAL '28 days',5,min_rop_helper WHERE,true,2026-03-29 12:00:00.000 +0530,,,
9501,99,additional_join,,LEFT JOIN oms.oms_kpi ok ON paf.product_code = ok.product_code AND oor.loc_code = ok.loc_code,1,,true,2026-03-29 14:00:00.000 +0530,,,
9502,99,outer_additional_joins,,LEFT JOIN (SELECT DISTINCT article FROM oms.oms_pack_config) opc ON opc.article = pko.article,1,,true,2026-03-29 14:00:00.000 +0530,,,
9503,99,cte_column,,paf.article,1,,true,2026-03-29 14:00:00.000 +0530,,,
9504,99,cte_column,,paf.l0_name,2,,true,2026-03-29 14:00:00.000 +0530,,,
9505,99,cte_column,,paf.l1_name,3,,true,2026-03-29 14:00:00.000 +0530,,,
9506,99,cte_column,,paf.l2_name,4,,true,2026-03-29 14:00:00.000 +0530,,,
9507,99,cte_column,,paf.l3_name,5,,true,2026-03-29 14:00:00.000 +0530,,,
9508,99,cte_column,,paf.l4_name,6,,false,2026-03-29 14:00:00.000 +0530,,,
9509,99,cte_column,,paf.l5_name,7,,false,2026-03-29 14:00:00.000 +0530,,,
9510,99,cte_column,,paf.product_description,8,,true,2026-03-29 14:00:00.000 +0530,,,
9511,99,cte_column,,paf.primary_vendor_id AS vendor_code,9,,true,2026-03-29 14:00:00.000 +0530,,,
9512,99,cte_column,,paf.primary_vendor_name AS vendor_name,10,,true,2026-03-29 14:00:00.000 +0530,,,
9513,99,cte_column,,ok.store_inv,11,,true,2026-03-29 14:00:00.000 +0530,,,
9514,99,cte_column,,ok.dc_inv,12,,true,2026-03-29 14:00:00.000 +0530,,,
9515,99,cte_column,,ok.system_inv,13,,true,2026-03-29 14:00:00.000 +0530,,,
9516,99,cte_column,,ok.safety_stock,14,,true,2026-03-29 14:00:00.000 +0530,,,
9517,99,cte_column,,ok.open_receipt_units,15,,true,2026-03-29 14:00:00.000 +0530,,,
9518,99,cte_column,,oor.*,16,,true,2026-03-29 14:00:00.000 +0530,,,
9519,99,paf_select_star,,true,0,PAF subquery uses SELECT * for static parity,true,2026-03-29 14:00:00.000 +0530,,,
9520,99,paf_static_subquery,,true,0,PAF no GROUP BY parity with static,true,2026-03-29 14:00:00.000 +0530,,,
9521,99,paf_filter,"","",,,true,2026-03-29 14:00:00.000 +0530,,,
9522,99,paf_join_condition,,oor.product_code = paf.product_code,,,true,2026-03-29 14:00:00.000 +0530,,,
9523,99,min_rop_select_column,,oor.loc_code,1,min_rop_helper SELECT,true,2026-03-29 14:00:00.000 +0530,,,
9524,99,min_rop_select_column,,oor.size,2,min_rop_helper SELECT,true,2026-03-29 14:00:00.000 +0530,,,
9525,99,min_rop_select_column,,oor.product_code,3,min_rop_helper SELECT,true,2026-03-29 14:00:00.000 +0530,,,
9526,99,min_rop_select_column,,oor.rop,4,min_rop_helper SELECT,true,2026-03-29 14:00:00.000 +0530,,,
9527,99,min_rop_select_column,,oor.created_at,5,min_rop_helper SELECT,true,2026-03-29 14:00:00.000 +0530,,,
9528,99,min_rop_select_column,,oor.inventory_deficit_agg,6,min_rop_helper SELECT,true,2026-03-29 14:00:00.000 +0530,,,
9529,99,min_rop_select_column,,oor.recom_receipt_date,7,min_rop_helper SELECT,true,2026-03-29 14:00:00.000 +0530,,,
9530,99,min_rop_select_column,,oor.order_placement_recom_date,8,min_rop_helper SELECT,true,2026-03-29 14:00:00.000 +0530,,,
9531,99,min_rop_select_column,,oor.order_placement_date,9,min_rop_helper SELECT,true,2026-03-29 14:00:00.000 +0530,,,
9532,99,min_rop_select_column,,oor.order_quantity,10,min_rop_helper SELECT,true,2026-03-29 14:00:00.000 +0530,,,
9533,99,min_rop_select_column,,oor.order_quantity_eaches,11,min_rop_helper SELECT,true,2026-03-29 14:00:00.000 +0530,,,
9534,99,min_rop_select_column,,oor.pack_id,12,min_rop_helper SELECT,true,2026-03-29 14:00:00.000 +0530,,,
9535,99,min_rop_select_column,,oor.order_quantity * oor.unit_cost AS order_cost,13,min_rop_helper SELECT,true,2026-03-29 14:00:00.000 +0530,,,
9536,99,min_rop_select_column,,oor.raw_roq,14,min_rop_helper SELECT,true,2026-03-29 14:00:00.000 +0530,,,
9537,99,min_rop_select_column,,oor.ia_shipment_order_quantity,15,min_rop_helper SELECT,true,2026-03-29 14:00:00.000 +0530,,,
9538,99,min_rop_select_column,,oor.roq_unconstrained,16,min_rop_helper SELECT,true,2026-03-29 14:00:00.000 +0530,,,
9539,99,min_rop_select_column,,oor.roq_constrained,17,min_rop_helper SELECT,true,2026-03-29 14:00:00.000 +0530,,,
9540,99,min_rop_select_column,,oor.expected_receipt_date,18,min_rop_helper SELECT,true,2026-03-29 14:00:00.000 +0530,,,
9541,99,min_rop_select_column,,oor.lost_sales_agg,19,min_rop_helper SELECT,true,2026-03-29 14:00:00.000 +0530,,,
9542,99,min_rop_select_column,,oor.lost_sales_agg * oor.unit_cost AS lost_sales_agg_cost,20,min_rop_helper SELECT,true,2026-03-29 14:00:00.000 +0530,,,
9543,99,min_rop_select_column,,"ast.""order"" AS size_order",21,min_rop_helper SELECT,true,2026-03-29 14:00:00.000 +0530,,,
9544,99,min_rop_select_column,,"MIN(oor.rop) OVER (PARTITION BY oor.style, oor.loc_code) AS min_rop",22,min_rop_helper SELECT,true,2026-03-29 14:00:00.000 +0530,,,
9545,99,min_rop_join,,"LEFT JOIN oms.article_status_tag ast ON oor.product_code = ast.product_code AND oor.size = ast.size",1,min_rop_helper JOIN,true,2026-03-29 14:00:00.000 +0530,,,
9546,99,min_rop_where,,oor.order_status_id IN (1),1,min_rop_helper WHERE,true,2026-03-29 14:00:00.000 +0530,,,
9547,99,min_rop_where,,oor.order_quantity > 0,2,min_rop_helper WHERE,true,2026-03-29 14:00:00.000 +0530,,,
10101,101,form_filter_table,form_filter_table,ph_master,1,Form filter table for product attributes,true,2026-04-14 10:00:00.000 +0530,,,
10102,101,has_size_distribution,has_size_distribution,true,2,Client has size distribution data,true,2026-04-14 10:00:00.000 +0530,,,
10103,101,has_pack_config,has_pack_config,true,3,Client has pack configuration,true,2026-04-14 10:00:00.000 +0530,,,
10104,101,has_fiscal_calendar,has_fiscal_calendar,true,4,Client uses fiscal calendar CTE,true,2026-04-14 10:00:00.000 +0530,,,
10105,101,has_article_status_tag,has_article_status_tag,true,5,PAF joined with article_status_tag for size ordering,true,2026-04-14 10:00:00.000 +0530,,,
10106,101,has_saf_cte,has_saf_cte,false,6,Client uses store_attributes_filter CTE,true,2026-04-14 10:00:00.000 +0530,,,
10107,101,has_oms_orders_recommended_join,has_oms_orders_recommended_join,false,7,Join with oms_orders_recommended for order_reason/unit_cost,true,2026-04-14 10:00:00.000 +0530,,,
10108,101,constraints_where,constraints_where,WHERE ocl.default_mode = 1,8,Extra WHERE clause for constraints CTE (e.g. WHERE ocl.default_mode = 1),true,2026-04-14 10:00:00.000 +0530,,,
10109,101,sdd_fiscal_week_style,sdd_fiscal_week_style,subquery,9,How fiscal week is matched: subquery or to_char,true,2026-04-14 10:00:00.000 +0530,,,
10110,101,unique_row_id_template,unique_row_id_template,{article} || '-' || {loc_code},10,Template for unique_row_id construction,true,2026-04-14 10:00:00.000 +0530,,,
10111,101,paf_filter,,AND ordering = 'Y',1,PAF extra WHERE filter,true,2026-04-14 10:00:00.000 +0530,,,
10112,101,paf_column,,product_code,1,PAF column,true,2026-04-14 10:00:00.000 +0530,,,
10113,101,paf_column,,article,2,PAF column,true,2026-04-14 10:00:00.000 +0530,,,
10115,101,paf_column,,product_description,4,PAF column,true,2026-04-14 10:00:00.000 +0530,,,
10116,101,paf_column,,l0_name,5,PAF column,true,2026-04-14 10:00:00.000 +0530,,,
10117,101,paf_column,,primary_vendor_name,6,PAF column,true,2026-04-14 10:00:00.000 +0530,,,
10118,101,paf_column,,product_type,7,PAF column,true,2026-04-14 10:00:00.000 +0530,,,
10119,101,paf_column,,price,8,PAF column,true,2026-04-14 10:00:00.000 +0530,,,
10120,101,paf_column,,l2_name,9,PAF column,true,2026-04-14 10:00:00.000 +0530,,,
10121,101,paf_column,,l1_name,10,PAF column,true,2026-04-14 10:00:00.000 +0530,,,
10122,101,paf_column,,l3_name,11,PAF column,true,2026-04-14 10:00:00.000 +0530,,,
10123,101,paf_column,,size,12,PAF column,true,2026-04-14 10:00:00.000 +0530,,,
10124,101,paf_column,,product_name,13,PAF column,true,2026-04-14 10:00:00.000 +0530,,,
10125,101,paf_column,,vendor,14,PAF column,true,2026-04-14 10:00:00.000 +0530,,,
10130,101,cte_column,,ok.product_code as ok_product_code,1,KPI column,true,2026-04-14 10:00:00.000 +0530,,,
10131,101,cte_column,,ok.loc_code,2,KPI column,true,2026-04-14 10:00:00.000 +0530,,,
10132,101,cte_column,,opc.pack_id,3,KPI column (from pack_config join),true,2026-04-14 10:00:00.000 +0530,,,
10133,101,cte_column,,ok.dc_inv AS dc_inv,4,KPI column,true,2026-04-14 10:00:00.000 +0530,,,
10134,101,cte_column,,ok.system_inv AS total_inventory,5,KPI column,true,2026-04-14 10:00:00.000 +0530,,,
10135,101,cte_column,,ok.open_receipt_units AS on_order,6,KPI column,true,2026-04-14 10:00:00.000 +0530,,,
10136,101,cte_column,,ok.safety_stock,7,KPI column,true,2026-04-14 10:00:00.000 +0530,,,
10137,101,cte_column,,ok.cost,8,KPI column,true,2026-04-14 10:00:00.000 +0530,,,
10138,101,cte_column,,opc.units_in_pack,9,KPI column (from pack_config join),true,2026-04-14 10:00:00.000 +0530,,,
10139,101,cte_column,,ok.min_order_quantity_style,10,KPI column,true,2026-04-14 10:00:00.000 +0530,,,
10140,101,cte_column,,ok.max_order_quantity_style,11,KPI column,true,2026-04-14 10:00:00.000 +0530,,,
10141,101,cte_column,,ok.order_multiple,12,KPI column,true,2026-04-14 10:00:00.000 +0530,,,
10150,101,constraints_columns,,"ocl.article as ocl_article, ocl.lead_time, ocl.manufacturing_lead_time, ocl.po_to_order_processing",12,Constraints CTE columns,true,2026-04-14 10:00:00.000 +0530,,,
10151,101,constraints_join,,paf.article = const_data.ocl_article,1,Constraints JOIN condition,true,2026-04-14 10:00:00.000 +0530,,,
10160,101,kpi_join,,paf.product_code = kpi.ok_product_code,1,KPI to PAF join condition,true,2026-04-14 10:00:00.000 +0530,,,
10161,101,sdd_join,,paf.product_code = sdd.dsr_product_code AND paf.article = sdd.dsr_article AND paf.size = sdd.dsr_size AND kpi.loc_code = sdd.dsr_loc_code,1,Size distribution join condition,true,2026-04-14 10:00:00.000 +0530,,,
10170,101,additional_join,,"LEFT JOIN oms.oms_pack_config opc ON ok.pack_id = opc.pack_id AND ok.product_code = opc.product_code",1,Pack config join for KPI CTE,true,2026-04-14 10:00:00.000 +0530,,,
10180,101,raw_data_column,,paf.article,1,Raw data column,true,2026-04-14 10:00:00.000 +0530,,,
10181,101,raw_data_column,,paf.l2_name,2,Raw data column,true,2026-04-14 10:00:00.000 +0530,,,
10182,101,raw_data_column,,paf.l1_name,3,Raw data column,true,2026-04-14 10:00:00.000 +0530,,,
10183,101,raw_data_column,,paf.l3_name,4,Raw data column,true,2026-04-14 10:00:00.000 +0530,,,
10184,101,raw_data_column,,kpi.loc_code,5,Raw data column,true,2026-04-14 10:00:00.000 +0530,,,
10185,101,raw_data_column,,paf.product_code,6,Raw data column,true,2026-04-14 10:00:00.000 +0530,,,
10186,101,raw_data_column,,paf.size,7,Raw data column,true,2026-04-14 10:00:00.000 +0530,,,
10187,101,raw_data_column,,paf.primary_vendor_name,8,Raw data column,true,2026-04-14 10:00:00.000 +0530,,,
10188,101,raw_data_column,,paf.vendor,9,Raw data column,true,2026-04-14 10:00:00.000 +0530,,,
10189,101,raw_data_column,,paf.product_description,10,Raw data column,true,2026-04-14 10:00:00.000 +0530,,,
10190,101,raw_data_column,,paf.product_name,11,Raw data column,true,2026-04-14 10:00:00.000 +0530,,,
10191,101,raw_data_column,,paf.l0_name,12,Raw data column,true,2026-04-14 10:00:00.000 +0530,,,
10192,101,raw_data_column,,paf.product_type,13,Raw data column,true,2026-04-14 10:00:00.000 +0530,,,
10193,101,raw_data_column,,paf.price,14,Raw data column,true,2026-04-14 10:00:00.000 +0530,,,
10194,101,raw_data_column,,fcd.fw_id,15,Raw data column (fiscal),true,2026-04-14 10:00:00.000 +0530,,,
10195,101,raw_data_column,,fcd.fm_id,16,Raw data column (fiscal),true,2026-04-14 10:00:00.000 +0530,,,
10196,101,raw_data_column,,fcd.fy,17,Raw data column (fiscal),true,2026-04-14 10:00:00.000 +0530,,,
10197,101,raw_data_column,,fcd.fq_id,18,Raw data column (fiscal),true,2026-04-14 10:00:00.000 +0530,,,
10198,101,raw_data_column,,fcd.fm_name,19,Raw data column (fiscal),true,2026-04-14 10:00:00.000 +0530,,,
10199,101,raw_data_column,,fcd.fw_start_date,20,Raw data column (fiscal),true,2026-04-14 10:00:00.000 +0530,,,
10371,101,raw_data_column,,kpi.cost,21,Raw data column (kpi),true,2026-04-14 10:00:00.000 +0530,,,
10372,101,raw_data_column,,kpi.pack_id,22,Raw data column (kpi),true,2026-04-14 10:00:00.000 +0530,,,
10373,101,raw_data_column,,kpi.units_in_pack,23,Raw data column (kpi),true,2026-04-14 10:00:00.000 +0530,,,
10374,101,raw_data_column,,kpi.dc_inv,24,Raw data column (kpi),true,2026-04-14 10:00:00.000 +0530,,,
10375,101,raw_data_column,,kpi.total_inventory,25,Raw data column (kpi),true,2026-04-14 10:00:00.000 +0530,,,
10376,101,raw_data_column,,kpi.on_order,26,Raw data column (kpi),true,2026-04-14 10:00:00.000 +0530,,,
10377,101,raw_data_column,,sdd.size_distribution_percentage,27,Raw data column (sdd),true,2026-04-14 10:00:00.000 +0530,,,
10378,101,raw_data_column,,kpi.safety_stock,28,Raw data column (kpi),true,2026-04-14 10:00:00.000 +0530,,,
10379,101,raw_data_column,,kpi.order_multiple,29,Raw data column (kpi),true,2026-04-14 10:00:00.000 +0530,,,
10380,101,raw_data_column,,kpi.min_order_quantity_style,30,Raw data column (kpi),true,2026-04-14 10:00:00.000 +0530,,,
10381,101,raw_data_column,,kpi.max_order_quantity_style,31,Raw data column (kpi),true,2026-04-14 10:00:00.000 +0530,,,
10382,101,raw_data_column,,const_data.lead_time,32,Raw data column (constraints),true,2026-04-14 10:00:00.000 +0530,,,
10383,101,raw_data_column,,const_data.manufacturing_lead_time,33,Raw data column (constraints),true,2026-04-14 10:00:00.000 +0530,,,
10384,101,raw_data_column,,paf.size_order,34,Raw data column,true,2026-04-14 10:00:00.000 +0530,,,
10385,101,raw_data_column,,"CASE WHEN kpi.pack_id IS NULL OR kpi.pack_id = '-' THEN paf.size ELSE kpi.pack_id END AS size_column",35,Raw data computed column (pack),true,2026-04-14 10:00:00.000 +0530,,,
10386,101,raw_data_column,,"CASE WHEN kpi.pack_id IS NOT NULL AND kpi.pack_id != '-' THEN TRUE ELSE FALSE END AS is_pack_enabled",36,Raw data computed column (pack),true,2026-04-14 10:00:00.000 +0530,,,
10200,101,inner_agg_select,,rd.article,1,Inner agg SELECT column,true,2026-04-14 10:00:00.000 +0530,,,
10201,101,inner_agg_select,,rd.primary_vendor_name,2,Inner agg SELECT column,true,2026-04-14 10:00:00.000 +0530,,,
10202,101,inner_agg_select,,rd.product_name,3,Inner agg SELECT column,true,2026-04-14 10:00:00.000 +0530,,,
10203,101,inner_agg_select,,rd.l0_name,4,Inner agg SELECT column,true,2026-04-14 10:00:00.000 +0530,,,
10204,101,inner_agg_select,,rd.vendor,5,Inner agg SELECT column,true,2026-04-14 10:00:00.000 +0530,,,
10205,101,inner_agg_select,,rd.product_description,6,Inner agg SELECT column,true,2026-04-14 10:00:00.000 +0530,,,
10206,101,inner_agg_select,,rd.product_type,7,Inner agg SELECT column,true,2026-04-14 10:00:00.000 +0530,,,
10207,101,inner_agg_select,,rd.min_order_quantity_style,8,Inner agg SELECT column,true,2026-04-14 10:00:00.000 +0530,,,
10208,101,inner_agg_select,,rd.max_order_quantity_style,9,Inner agg SELECT column,true,2026-04-14 10:00:00.000 +0530,,,
10209,101,inner_agg_select,,rd.l2_name,10,Inner agg SELECT column,true,2026-04-14 10:00:00.000 +0530,,,
10210,101,inner_agg_select,,rd.l1_name,11,Inner agg SELECT column,true,2026-04-14 10:00:00.000 +0530,,,
10211,101,inner_agg_select,,rd.l3_name,12,Inner agg SELECT column,true,2026-04-14 10:00:00.000 +0530,,,
10212,101,inner_agg_select,,rd.loc_code,13,Inner agg SELECT column,true,2026-04-14 10:00:00.000 +0530,,,
10213,101,inner_agg_select,,rd.size_column,14,Inner agg SELECT column,true,2026-04-14 10:00:00.000 +0530,,,
10214,101,inner_agg_select,,AVG(rd.cost) AS order_cost,15,Inner agg SELECT calculated,true,2026-04-14 10:00:00.000 +0530,,,
10215,101,inner_agg_select,,"MAX(UPPER(TRIM(TO_CHAR(current_date, 'Month')))) AS max_month",16,Inner agg SELECT calculated,true,2026-04-14 10:00:00.000 +0530,,,
10216,101,inner_agg_select,,SUM(rd.dc_inv) AS dc_inv,17,Inner agg SELECT calculated,true,2026-04-14 10:00:00.000 +0530,,,
10217,101,inner_agg_select,,MIN(rd.lead_time) AS lead_time,18,Inner agg SELECT calculated,true,2026-04-14 10:00:00.000 +0530,,,
10218,101,inner_agg_select,,SUM(rd.total_inventory) AS sum_system_inv,19,Inner agg SELECT calculated,true,2026-04-14 10:00:00.000 +0530,,,
10219,101,inner_agg_select,,MAX(rd.price) AS retail,20,Inner agg SELECT calculated,true,2026-04-14 10:00:00.000 +0530,,,
10220,101,inner_agg_select,,"MAX(TO_CHAR(current_date, 'YYYY')) AS max_fiscal_year",21,Inner agg SELECT calculated,true,2026-04-14 10:00:00.000 +0530,,,
10221,101,inner_agg_select,,"MAX(COALESCE(rd.primary_vendor_name, '-')) AS max_vendor_code",22,Inner agg SELECT calculated,true,2026-04-14 10:00:00.000 +0530,,,
10222,101,inner_agg_select,,"MAX(COALESCE(rd.vendor, '-')) AS max_vendor",23,Inner agg SELECT calculated,true,2026-04-14 10:00:00.000 +0530,,,
10223,101,inner_agg_select,,"MAX(COALESCE(rd.primary_vendor_name, '-')) AS max_primary_vendor_name",24,Inner agg SELECT calculated,true,2026-04-14 10:00:00.000 +0530,,,
10224,101,inner_agg_select,,ARRAY_AGG(rd.product_code) as product_codes,25,Inner agg SELECT calculated,true,2026-04-14 10:00:00.000 +0530,,,
10225,101,inner_agg_select,,ARRAY_AGG(rd.size) AS sizes,26,Inner agg SELECT calculated,true,2026-04-14 10:00:00.000 +0530,,,
10226,101,inner_agg_select,,ARRAY_AGG(rd.units_in_pack) AS units_in_pack,27,Inner agg SELECT calculated,true,2026-04-14 10:00:00.000 +0530,,,
10227,101,inner_agg_select,,SUM(rd.safety_stock) AS sum_safety_stock,28,Inner agg SELECT calculated,true,2026-04-14 10:00:00.000 +0530,,,
10228,101,inner_agg_select,,"MAX((rd.article || '-' || rd.loc_code)::character varying) AS max_unique_row_id",29,Inner agg SELECT calculated,true,2026-04-14 10:00:00.000 +0530,,,
10229,101,inner_agg_select,,AVG(rd.order_multiple) AS max_order_multiple,30,Inner agg SELECT calculated,true,2026-04-14 10:00:00.000 +0530,,,
10230,101,inner_agg_select,,MAX(rd.fw_id) AS fiscal_year_week,31,Inner agg SELECT calculated,true,2026-04-14 10:00:00.000 +0530,,,
10231,101,inner_agg_select,,MAX(rd.fm_id) AS fiscal_year_month,32,Inner agg SELECT calculated,true,2026-04-14 10:00:00.000 +0530,,,
10232,101,inner_agg_select,,MAX(rd.fy) AS fiscal_year,33,Inner agg SELECT calculated,true,2026-04-14 10:00:00.000 +0530,,,
10233,101,inner_agg_select,,MAX(rd.fq_id) AS fiscal_year_quarter,34,Inner agg SELECT calculated,true,2026-04-14 10:00:00.000 +0530,,,
10234,101,inner_agg_select,,MAX(rd.fm_name) AS fiscal_year_month_name,35,Inner agg SELECT calculated,true,2026-04-14 10:00:00.000 +0530,,,
10235,101,inner_agg_select,,MAX(rd.fw_start_date) AS week_start_date,36,Inner agg SELECT calculated,true,2026-04-14 10:00:00.000 +0530,,,
10236,101,inner_agg_select,,SUM(rd.on_order) AS sum_open_receipt_units,37,Inner agg SELECT calculated,true,2026-04-14 10:00:00.000 +0530,,,
10237,101,inner_agg_select,,MAX(current_date) AS max_order_placement_date,38,Inner agg SELECT calculated,true,2026-04-14 10:00:00.000 +0530,,,
10238,101,inner_agg_select,,SUM(rd.size_distribution_percentage) AS sum_size_distribution_percentage,39,Inner agg SELECT calculated,true,2026-04-14 10:00:00.000 +0530,,,
10239,101,inner_agg_select,,BOOL_OR(rd.is_pack_enabled) AS is_pack_enabled,40,Inner agg SELECT calculated,true,2026-04-14 10:00:00.000 +0530,,,
10240,101,inner_agg_select,,MAX(rd.pack_id) AS pack_id,41,Inner agg SELECT calculated,true,2026-04-14 10:00:00.000 +0530,,,
10241,101,inner_agg_select,,SUM(rd.units_in_pack) AS pack_config,42,Inner agg SELECT calculated,true,2026-04-14 10:00:00.000 +0530,,,
10242,101,inner_agg_select,,MAX(rd.manufacturing_lead_time) AS manufacturing_lead_time,43,Inner agg SELECT calculated,true,2026-04-14 10:00:00.000 +0530,,,
10243,101,inner_agg_select,,NULL::date AS expected_receipt_date,44,Inner agg SELECT calculated,true,2026-04-14 10:00:00.000 +0530,,,
10250,101,inner_agg_group_by,,rd.article,1,Inner agg GROUP BY,true,2026-04-14 10:00:00.000 +0530,,,
10251,101,inner_agg_group_by,,rd.primary_vendor_name,2,Inner agg GROUP BY,true,2026-04-14 10:00:00.000 +0530,,,
10252,101,inner_agg_group_by,,rd.product_name,3,Inner agg GROUP BY,true,2026-04-14 10:00:00.000 +0530,,,
10253,101,inner_agg_group_by,,rd.l0_name,4,Inner agg GROUP BY,true,2026-04-14 10:00:00.000 +0530,,,
10254,101,inner_agg_group_by,,rd.vendor,5,Inner agg GROUP BY,true,2026-04-14 10:00:00.000 +0530,,,
10255,101,inner_agg_group_by,,rd.product_description,6,Inner agg GROUP BY,true,2026-04-14 10:00:00.000 +0530,,,
10256,101,inner_agg_group_by,,rd.product_type,7,Inner agg GROUP BY,true,2026-04-14 10:00:00.000 +0530,,,
10257,101,inner_agg_group_by,,rd.min_order_quantity_style,8,Inner agg GROUP BY,true,2026-04-14 10:00:00.000 +0530,,,
10258,101,inner_agg_group_by,,rd.max_order_quantity_style,9,Inner agg GROUP BY,true,2026-04-14 10:00:00.000 +0530,,,
10259,101,inner_agg_group_by,,rd.l2_name,10,Inner agg GROUP BY,true,2026-04-14 10:00:00.000 +0530,,,
10260,101,inner_agg_group_by,,rd.l1_name,11,Inner agg GROUP BY,true,2026-04-14 10:00:00.000 +0530,,,
10261,101,inner_agg_group_by,,rd.l3_name,12,Inner agg GROUP BY,true,2026-04-14 10:00:00.000 +0530,,,
10262,101,inner_agg_group_by,,rd.loc_code,13,Inner agg GROUP BY,true,2026-04-14 10:00:00.000 +0530,,,
10263,101,inner_agg_group_by,,rd.size_column,14,Inner agg GROUP BY,true,2026-04-14 10:00:00.000 +0530,,,
10270,101,status_obj_field,,"'cost', agg.order_cost",1,status_obj key-value pair,true,2026-04-14 10:00:00.000 +0530,,,
10271,101,status_obj_field,,"'month', agg.max_month",2,status_obj key-value pair,true,2026-04-14 10:00:00.000 +0530,,,
10272,101,status_obj_field,,"'dc_inv', agg.dc_inv",3,status_obj key-value pair,true,2026-04-14 10:00:00.000 +0530,,,
10273,101,status_obj_field,,"'article', agg.article",4,status_obj key-value pair,true,2026-04-14 10:00:00.000 +0530,,,
10274,101,status_obj_field,,"'loc_code', agg.loc_code",5,status_obj key-value pair,true,2026-04-14 10:00:00.000 +0530,,,
10275,101,status_obj_field,,"'vendor_lead_time', COALESCE(ROUND((agg.lead_time::numeric / 7)::numeric, 2), 0)",6,status_obj key-value pair,true,2026-04-14 10:00:00.000 +0530,,,
10276,101,status_obj_field,,"'system_inv', agg.sum_system_inv",7,status_obj key-value pair,true,2026-04-14 10:00:00.000 +0530,,,
10277,101,status_obj_field,,"'fiscal_year', agg.max_fiscal_year",8,status_obj key-value pair,true,2026-04-14 10:00:00.000 +0530,,,
10278,101,status_obj_field,,"'vendor_code', agg.max_vendor_code",9,status_obj key-value pair,true,2026-04-14 10:00:00.000 +0530,,,
10279,101,status_obj_field,,"'vendor', agg.vendor",10,status_obj key-value pair,true,2026-04-14 10:00:00.000 +0530,,,
10280,101,status_obj_field,,"'primary_vendor_name', agg.primary_vendor_name",11,status_obj key-value pair,true,2026-04-14 10:00:00.000 +0530,,,
10281,101,status_obj_field,,"'product_codes', agg.product_codes",12,status_obj key-value pair,true,2026-04-14 10:00:00.000 +0530,,,
10282,101,status_obj_field,,"'sizes', agg.sizes",13,status_obj key-value pair,true,2026-04-14 10:00:00.000 +0530,,,
10283,101,status_obj_field,,"'units_in_pack', agg.units_in_pack",14,status_obj key-value pair,true,2026-04-14 10:00:00.000 +0530,,,
10284,101,status_obj_field,,"'price', agg.retail",15,status_obj key-value pair,true,2026-04-14 10:00:00.000 +0530,,,
10285,101,status_obj_field,,"'safety_stock', agg.sum_safety_stock",16,status_obj key-value pair,true,2026-04-14 10:00:00.000 +0530,,,
10286,101,status_obj_field,,"'unique_row_id', agg.max_unique_row_id",17,status_obj key-value pair,true,2026-04-14 10:00:00.000 +0530,,,
10287,101,status_obj_field,,"'order_multiple', agg.max_order_multiple",18,status_obj key-value pair,true,2026-04-14 10:00:00.000 +0530,,,
10288,101,status_obj_field,,"'fiscal_year_week', agg.fiscal_year_week",19,status_obj key-value pair,true,2026-04-14 10:00:00.000 +0530,,,
10289,101,status_obj_field,,"'fiscal_year_month', agg.fiscal_year_month",20,status_obj key-value pair,true,2026-04-14 10:00:00.000 +0530,,,
10290,101,status_obj_field,,"'min_order_quantity_style', agg.min_order_quantity_style",21,status_obj key-value pair,true,2026-04-14 10:00:00.000 +0530,,,
10291,101,status_obj_field,,"'max_order_quantity_style', agg.max_order_quantity_style",22,status_obj key-value pair,true,2026-04-14 10:00:00.000 +0530,,,
10292,101,status_obj_field,,"'fiscal_year', agg.fiscal_year",23,status_obj key-value pair,true,2026-04-14 10:00:00.000 +0530,,,
10293,101,status_obj_field,,"'fiscal_year_quarter', agg.fiscal_year_quarter",24,status_obj key-value pair,true,2026-04-14 10:00:00.000 +0530,,,
10294,101,status_obj_field,,"'fiscal_year_month_name', agg.fiscal_year_month_name",25,status_obj key-value pair,true,2026-04-14 10:00:00.000 +0530,,,
10295,101,status_obj_field,,"'week_start_date', agg.week_start_date",26,status_obj key-value pair,true,2026-04-14 10:00:00.000 +0530,,,
10296,101,status_obj_field,,"'open_receipt_units', agg.sum_open_receipt_units",27,status_obj key-value pair,true,2026-04-14 10:00:00.000 +0530,,,
10297,101,status_obj_field,,"'order_placement_date', agg.max_order_placement_date",28,status_obj key-value pair,true,2026-04-14 10:00:00.000 +0530,,,
10298,101,status_obj_field,,"'size_column', agg.size_column",29,status_obj key-value pair,true,2026-04-14 10:00:00.000 +0530,,,
10299,101,status_obj_field,,"'size_distribution_percentage', agg.sum_size_distribution_percentage",30,status_obj key-value pair,true,2026-04-14 10:00:00.000 +0530,,,
10300,101,status_obj_field,,"'pack_id', CASE WHEN agg.pack_id = '-' THEN NULL ELSE agg.pack_id END",31,status_obj key-value pair,true,2026-04-14 10:00:00.000 +0530,,,
10301,101,status_obj_field,,"'pack_config', CASE WHEN agg.is_pack_enabled THEN agg.pack_config ELSE agg.max_order_multiple END",32,status_obj key-value pair,true,2026-04-14 10:00:00.000 +0530,,,
10302,101,status_obj_field,,"'manufacturing_lead_time', COALESCE(ROUND((agg.manufacturing_lead_time::numeric / 7)::numeric, 2), 0)",33,status_obj key-value pair,true,2026-04-14 10:00:00.000 +0530,,,
10310,101,status_obj_order_by,,agg.size_column,1,ORDER BY inside jsonb_agg,true,2026-04-14 10:00:00.000 +0530,,,
10320,101,outer_group_by,,agg.article,1,Outer GROUP BY column,true,2026-04-14 10:00:00.000 +0530,,,
10321,101,outer_group_by,,agg.pack_id,2,Outer GROUP BY column,true,2026-04-14 10:00:00.000 +0530,,,
10322,101,outer_group_by,,agg.pack_config,3,Outer GROUP BY column,true,2026-04-14 10:00:00.000 +0530,,,
10323,101,outer_group_by,,agg.product_name,4,Outer GROUP BY column,true,2026-04-14 10:00:00.000 +0530,,,
10324,101,outer_group_by,,agg.l0_name,5,Outer GROUP BY column,true,2026-04-14 10:00:00.000 +0530,,,
10325,101,outer_group_by,,agg.primary_vendor_name,6,Outer GROUP BY column,true,2026-04-14 10:00:00.000 +0530,,,
10326,101,outer_group_by,,agg.product_description,7,Outer GROUP BY column,true,2026-04-14 10:00:00.000 +0530,,,
10327,101,outer_group_by,,agg.product_type,8,Outer GROUP BY column,true,2026-04-14 10:00:00.000 +0530,,,
10328,101,outer_group_by,,agg.min_order_quantity_style,9,Outer GROUP BY column,true,2026-04-14 10:00:00.000 +0530,,,
10329,101,outer_group_by,,agg.max_order_quantity_style,10,Outer GROUP BY column,true,2026-04-14 10:00:00.000 +0530,,,
10330,101,outer_group_by,,agg.l2_name,11,Outer GROUP BY column,true,2026-04-14 10:00:00.000 +0530,,,
10331,101,outer_group_by,,agg.l1_name,12,Outer GROUP BY column,true,2026-04-14 10:00:00.000 +0530,,,
10332,101,outer_group_by,,agg.l3_name,13,Outer GROUP BY column,true,2026-04-14 10:00:00.000 +0530,,,
10333,101,outer_group_by,,agg.loc_code,14,Outer GROUP BY column,true,2026-04-14 10:00:00.000 +0530,,,
10334,101,outer_group_by,,agg.vendor,15,Outer GROUP BY column,true,2026-04-14 10:00:00.000 +0530,,,
10335,101,outer_group_by,,expected_receipt_date,16,Outer GROUP BY column,true,2026-04-14 10:00:00.000 +0530,,,
