"application_code","name","description","version","icon","status","extra"
10,MarkSmart,Mark_desc,"1.1",,true,"{}"
11,ADA,ADAVisual_desc,"1.1",,true,"{}"
2,AssortSmart,ASSORT_desc,"1.1",,true,"{}"
3,Workflow Input Center,PLATFORM_desc,"1.1","",true,"{}"
5,Notification,Notification_desc,"1.1","",true,"{}"
7,Master Data View,Inventory,"1.1","",true,"{}"
6,Application Access Management,user access management_desc,"1.1","",true,"{}"
8,MondaySmart,Monday_desc,"1.1","",true,"{}"
12,ClusterSmart,ClusterSmart,"1.1",,true,"{}"
4,PlanSmart,PLANSMART_desc,"1.1","",true,"{}"
1,InventorySmart,ALLOCATE_desc,"1.1",,true,"{}"
9,Module Configurator,Configurator,1.1,,TRUE,"{}"
