"source_column_name","source_column_datatype","required_in_product","generic_column_name","is_pk","generic_column_datatype","formula","is_attribute","is_hierarchy","hierarchy_level","is_null_allowed","unique_by","display_name","is_partition_col","is_clustering_col"
product_code,STRING,true,product_code,false,STRING,"",false,false,,false,true,"",false,
store_code,STRING,true,store_code,false,STRING,"",false,false,,false,true,"",false,
date,DATE,true,date,false,DATE,"",false,false,,true,true,"",false,
inventory_status,STRING,true,inventory_status,false,STRING,"",false,false,,true,true,"",false,
oh,INTEGER,true,oh,false,INTEGER,"",false,false,,true,false,"",false,
it,FLOAT,true,it,false,FLOAT,"",false,false,,true,false,"",false,
oo,FLOAT,true,oo,false,FLOAT,"",false,false,,true,false,"",false,
oh_cost,FLOAT,true,oh_cost,false,FLOAT,"",false,false,,true,false,"",false,
reserve_qty,FLOAT,true,reserve_qty,false,FLOAT,"",false,false,,true,false,"",false,
