attribute_code,name,attribute_type,description,status,attribute_value,application_code,user_edited,module_code
4101,inventory_smart_oms_screen_configuration,string,module wise configuration for client,TRUE,"{""screenName"": [""inventorysmart_order_management"", ""inventorySmart_order_management_deep_drive"", ""inventorySmart_order_management_create_scenario"", ""inventorysmart_order_repository"", ""inventorysmart_create_new_order"", ""inventorysmart_oms_constraints"", ""reports_oms"", ""inventorysmart_oms_dashboard"", ""inventorysmart_oms_configuration"",""inventorysmart_po_rebalance""], ""hiddenModules"": [], ""is_oms_enabled"": true, ""module_screens_info"": {""inventorysmart_oms_constraints"": {""subTabs"": {""vendor_constraints"": ""Vendor Constraints"", ""shipment_constraints"": ""Shipment Constraints"", ""constraints_delivery"": ""Lead Time"", ""constraints_safety_stock"": ""Target Inventory Levels""}, ""tabName"": ""Vendor-DC"", ""hiddenModules"": [""constraints_status"", ""constraints_ordering"", ""constraints_vendor_dc_policy"", ""constraints_po_conversion""]}, ""inventorysmart_oms_configuration"": {""subTabs"": {""constraints_status"": ""Replenishment Status"", ""constraints_vendor_dc_policy"": ""Vendor DC Policy""}, ""tabName"": ""Vendor-DC""}, ""reports_oms"": {""subTabs"": {""vendor_projections"": ""Vendor Projections"", ""expedite_orders"": ""Expedite Orders"", ""late_orders"": ""Late Orders""}, ""vendor_projections"": {""subTabs"" : {""orders"": ""Order"",""receipts"": ""Receipts"", ""forecast"": ""Forecast""}, ""vendor_product_order_header"": ""Vendor Order Projection"", ""vendor_product_receipt_header"": ""Vendor Receipt Projection"",""vendor_product_forecast_header"": ""Vendor Forecast Projection""}, ""hiddenModules"":[""drop_ship"", ""future_receipts_reports"",""forecast_accuracy""], ""tabName"": ""Vendor-DC""}}}",1,TRUE,
4102,inv_oms_constraints_config,APPLICATION,OMS Constraints Configuration,TRUE,"{""constraints"":{""status"":{""unique_key"":""product_code"",""primary_key"":""product_code"",""edit_api_keys"":[""product_code"",""vendor_code""],""setall_formdata_fields"":[{""label"":""Replenishment Status"",""isMulti"":false,""options"":[{""label"":""Eligible for Ordering"",""value"":""eligible_for_ordering""},{""label"":""Not Eligible for Ordering"",""value"":""not_eligible_for_ordering""}],""accessor"":""status"",""field_type"":""list""}]},""lead_time"":{""is_week_calculation_enabled"":true,""is_lead_time_in_week"":true,""edit_api_keys"":[""article"",""loc_code"",""vendor_code""],""setall_api_keys"":[""article"",""loc_code""],""setall_formdata_fields"":[{""label"":""Vendor To Dc lead time (Days)"",""accessor"":""leadTime"",""field_type"":""IntegerField"",""value_type"":""number"",""no_negative_values"":true},{""label"":""Default Mode"",""accessor"":""default_mode"",""field_type"":""IntegerField"",""value_type"":""number"",""no_negative_values"":true}]},""shipment_constraints"":{""is_moq_validation"":false,""is_max_replishment_value_is_zero"":true},""safety_stock"":{""unique_key"":""id"",""primary_key"":""article"",""edit_api_keys"":[""article"",""loc_code""],""disable_cell_mapping"":{""column_name"":""demand_twos"",""value"":""is_wos_demand_disabled""},""setall_mapping"":{""demand_twos"":""demand_twos"",""stock_units"":""stock_units"",""safety_stock_twos"":""safety_stock_twos"",""service_level_pct"":""service_level_pct"",""safety_stock_method"":""safety_stock_method""},""safety_stock_methods"":[{""field"":""stock_units"",""value"":""Safety Stock Unit""},{""field"":""service_level_pct"",""value"":""Service Level""},{""field"":""safety_stock_twos"",""value"":""WOS""}],""setall_formdata_fields"":[{""label"":""Safety Stock Method"",""isMulti"":false,""options"":[{""id"":""Service Level"",""label"":""Service Level"",""value"":""service_level_pct""},{""id"":""Safety Stock Unit"",""label"":""Safety Stock Unit"",""value"":""stock_units""},{""id"":""WOS"",""label"":""WOS (Safety Stock)"",""value"":""safety_stock_twos""}],""accessor"":""safety_stock_method"",""field_type"":""list"",""is_mandatory"":true},{""label"":""Service Level"",""accessor"":""service_level_pct"",""max_value"":99,""min_value"":50,""field_type"":""IntegerField"",""value_type"":""percentage"",""validation_message"":""Service Level must have a value between 50% and 99%.""},{""label"":""Safety Stock Unit"",""accessor"":""stock_units"",""max_value"":99999,""min_value"":0,""field_type"":""IntegerField"",""value_type"":""number"",""no_negative_values"":true},{""label"":""WOS (Safety Stock)"",""accessor"":""safety_stock_twos"",""field_type"":""IntegerField"",""value_type"":""number"",""no_negative_values"":true},{""label"":""WOS (Demand)"",""accessor"":""demand_twos"",""min_value"":0,""field_type"":""IntegerField"",""value_type"":""number"",""no_negative_values"":true}],""safety_stock_graph_keys"":[""article"",""loc_code""],""safety_stock_plot_bands"":[{""to"":49,""from"":45,""color"":""#CAE4BA""},{""to"":45,""from"":30,""color"":""#E2F0D9""},{""to"":30,""from"":25,""color"":""#FBE5D6""},{""to"":25,""from"":0,""color"":""#F9D6BF""}]},""vendor_dc_policy"":{""setAllPayloadApiKey"":[""article""],""unique_key"":""id"",""primary_key"":""article"",""edit_api_keys"":[""article"",""vendor_code""],""setall_formdata_fields"":[{""label"":""Order Strategy"",""isMulti"":false,""options"":[{""id"":""Order Cycle Based"",""label"":""Order Cycle"",""value"":""Order Cycle Based""},{""id"":""Week of Supply"",""label"":""True Need TWOS"",""value"":""True Need TWOS""}],""accessor"":""order_strategy"",""field_type"":""list"",""is_mandatory"":false},{""label"":""Replenishment Strategy"",""isMulti"":false,""options"":[{""id"":""Periodic Review"",""label"":""Periodic Review"",""value"":""Periodic Review""},{""id"":""Reorder Point"",""label"":""Reorder Point"",""value"":""Reorder Point""}],""accessor"":""replenishment_strategy"",""field_type"":""list"",""is_mandatory"":false}]},""vendor_constraints"":{""unique_key"":""rule_code"",""primary_key"":""rule_code"",""edit_api_keys"":[""article"",""loc_code""],""setall_mapping"":{""rule_name"": ""rule_name"",""moq_tolerance"":""moq_tolerance"",""order_multiple"":""order_multiple"",""level_of_application"":""level_of_application"",""max_replenishment_quantity"":""max_replenishment_quantity"",""min_replenishment_quantity"":""min_replenishment_quantity""},""level_of_application"":[[{""label"":""Sum of all"",""value"":""sum_all""},{""label"":""Applicable to all"",""value"":""applicable_all""}]],""setall_formdata_fields"":[{""label"": ""Rule Name"", ""accessor"": ""rule_name"", ""field_type"": ""TextField"", ""value_type"": ""str"", ""is_mandatory"": false}, {""label"":""Level of Application"",""isMulti"":false,""options"":[{""id"":""sum_all"",""label"":""Sum of all"",""value"":""sum_all""},{""id"":""applicable_all"",""label"":""Applicable to all"",""value"":""applicable_all""}],""accessor"":""level_of_application"",""field_type"":""list"",""is_mandatory"":true},{""label"":""Min Order Qty"",""accessor"":""min_replenishment_quantity"",""min_value"":0,""field_type"":""IntegerField"",""value_type"":""number"",""is_mandatory"":true,""no_negative_values"":true},{""label"":""MOQ Tolerance"",""accessor"":""moq_tolerance"",""max_value"":100,""min_value"":0,""field_type"":""IntegerField"",""value_type"":""percentage"",""is_mandatory"":true},{""label"":""Order Multiple"",""accessor"":""order_multiple"",""min_value"":1,""field_type"":""IntegerField"",""value_type"":""number"",""is_mandatory"":true,""no_negative_values"":true}],""create_rcl_single_select_fields"":[""l0_name""],""add_rule_button_label"":""Add Hierarchies""}}}",1,FALSE,
4103,inventorysmart_oms_kpi_config,APPLICATION,Save the Dashboard KPI config of OMS,TRUE,"{""kpis"":[""dc_wos_oh"",""dc_on_hand"",""last_week_sales_gross_profit"",""last_week_sales"",""last_week_sales_units"",""last_4_weeks_sales"",""po_units"",""open_po_units"",""po_cost"",""open_po_cost""],""kpi_aggregate_level"":""article"",""alerts"":[{""id"":2,""redirect_filter_level"":{""1"":[""l4_name""]},""sp"":""inventory_smart.get_oms_alert_expedite_orders"",""name"":""Expedite Orders"",""type"":{""1"":""paginated_new_table"",""2"":""paginated_pop_up""},""level"":1,""unique"":{""1"":""unique_row_id""},""redirect"":""Create Allocation"",""frequency"":""Daily"",""description"":""Ref-DC with POs that can be expedited to prevent/reduce projected stock out"",""pop_up_link"":""inventory-smart/oms/oms_decision_dashboard/details-expedite-orders-alerts"",""recommended"":{""data"":""/oms/oms_decision_dashboard/details-expedite-orders-alerts"",""table_config"":""inventorysmart_oms_expedite_orders_alerts_details""},""table_config"":{""1"":""inventorysmart_oms_expedite_orders_alerts_details""},""redirect_buttons"":[{""link"":""Create New Order"",""type"":""secondary"",""label"":""Create New Order""},{""link"":""Deep Dive"",""type"":""primary"",""label"":""Deep Dive""}],""paginated_new_table_link"":""inventory-smart/oms/oms_decision_dashboard/details-expedite-orders-alerts""},{""id"":3,""redirect_filter_level"":{""1"":[""l4_name""]},""sp"":""inventory_smart.get_oms_alert_need_before_next_roq"",""name"":""Need before next ROQ"",""type"":{""1"":""new_table""},""frequency"":""Daily"",""description"":""Ref-DC which are projected to be stocked out before planned orders' receipts inflow"",""pop_up_link"":""inventory-smart/oms/oms_decision_dashboard/details-roq-alerts"",""recommended"":{""data"":""/oms/oms_decision_dashboard/details-roq-alerts"",""table_config"":""inventorysmart_oms_roq_alerts_details""},""table_config"":{""1"":""inventorysmart_oms_roq_alerts_details""},""redirect_buttons"":[{""link"":""Style Order Summary"",""type"":""secondary"",""label"":""Review Recommendation""},{""link"":""Deep Dive"",""type"":""primary"",""label"":""Deep Dive""}]},{""id"":5,""redirect_filter_level"":{""1"":[""l4_name""]},""sp"":""inventory_smart.get_oms_alert_recommeded_orders"",""name"":""Recommended Orders"",""is_select_all_records_enabled"":true,""type"":{""1"":""new_table""},""frequency"":""Daily"",""description"":""Upcoming orders in the upcoming 2 weeks as per the assigned replenishment strategy."",""pop_up_link"":""inventory-smart/oms/oms_decision_dashboard/details-recommended-orders-alerts"",""recommended"":{""data"":""/oms/oms_decision_dashboard/details-recommended-orders-alerts"",""table_config"":""inventorysmart_oms_recomm_orders_alerts_details""},""table_config"":{""1"":""inventorysmart_oms_recomm_orders_alerts_details""},""redirect_buttons"":[{""link"":""Approval Flow"",""type"":""secondary"",""label"":""Approve Orders""},{""link"":""Matrix Summary"",""type"":""primary"",""label"":""Review Recommendation""}]}]}",1,FALSE,
4104,oms_deep_dive_filter_config,APPLICATION,OMS Deep Dive Filter,TRUE,"{""value"": [{""type"": ""cascaded"", ""extra"": {}, ""label"": ""Ref ID"", ""operator"": ""in"", ""dimension"": ""product"", ""filter_id"": ""l4_name"", ""range_max"": null, ""range_min"": null, ""is_deleted"": false, ""column_name"": ""l4_name"", ""filter_type"": ""cascaded"", ""is_disabled"": false, ""is_required"": false, ""display_type"": ""dropdown"", ""is_clearable"": true, ""is_mandatory"": false, ""default_value"": null, ""display_order"": 1, ""attribute_name"": ""l4_name"", ""filter_keyword"": ""l4_name"", ""is_multiple_selection"": true},{""type"": ""cascaded"", ""extra"": {}, ""label"": ""DC Name"", ""operator"": ""in"", ""dimension"": ""store"", ""filter_id"": ""dc_name"", ""range_max"": null, ""range_min"": null, ""is_deleted"": false, ""column_name"": ""dc_name"", ""filter_type"": ""cascaded"", ""is_disabled"": false, ""is_required"": false, ""display_type"": ""downdown"", ""is_clearable"": true, ""is_mandatory"": false, ""default_value"": null, ""display_order"": 3, ""attribute_name"": ""dc_name"", ""filter_keyword"": ""dc_name"", ""is_multiple_selection"": true}]}",1,FALSE,
4106,inv_oms_style_info_config,APPLICATION,OMS role configuration,true,"{""type"": ""str"", ""extra"": {}, ""label"": ""Hierarchy"", ""width"": 200, ""footer"": null, ""tc_code"": 351, ""dimension"": ""Product Mapping"", ""formatter"": null, ""is_frozen"": false, ""is_hidden"": false, ""is_deleted"": false, ""column_name"": ""sku_info"", ""is_editable"": false, ""is_required"": false, ""is_row_span"": false, ""is_sortable"": false, ""sub_headers"": [{""type"": ""str"", ""extra"": {""disableRangeFilter"": true, ""disableCommaFormatting"": true, ""disableColumnCheckboxInSettings"": true}, ""label"": ""Product Group ID Name"", ""width"": 200, ""footer"": null, ""tc_code"": 0, ""dimension"": ""Product Mapping"", ""formatter"": null, ""is_frozen"": false, ""is_hidden"": false, ""is_deleted"": false, ""column_name"": ""l1_name"", ""is_editable"": false, ""is_required"": true, ""is_row_span"": false, ""is_sortable"": false, ""is_aggregated"": false, ""is_searchable"": true, ""aggregate_type"": null, ""is_master_group"": false, ""tc_mapping_code"": ""7301"", ""order_of_display"": 1}, {""type"": ""str"", ""extra"": {""disableRangeFilter"": true, ""disableCommaFormatting"": true}, ""label"": ""Sub Group ID Name"", ""width"": 200, ""footer"": null, ""tc_code"": 0, ""dimension"": ""Product Mapping"", ""formatter"": null, ""is_frozen"": false, ""is_hidden"": false, ""is_deleted"": false, ""column_name"": ""l2_name"", ""is_editable"": false, ""is_required"": true, ""is_row_span"": false, ""is_sortable"": false, ""is_aggregated"": false, ""is_searchable"": true, ""aggregate_type"": null, ""is_master_group"": false, ""tc_mapping_code"": ""7302"", ""order_of_display"": 1.1}, {""type"": ""str"", ""extra"": {""columnGroupShow"": ""open"", ""enableColumnExpand"": true}, ""label"": ""Type ID Name"", ""width"": 200, ""footer"": null, ""tc_code"": 0, ""dimension"": ""Product Mapping"", ""formatter"": null, ""is_frozen"": false, ""is_hidden"": false, ""is_deleted"": false, ""column_name"": ""l3_name"", ""is_editable"": false, ""is_required"": true, ""is_row_span"": false, ""is_sortable"": false, ""is_aggregated"": false, ""is_searchable"": true, ""aggregate_type"": null, ""is_master_group"": false, ""tc_mapping_code"": ""7303"", ""order_of_display"": 1.2}, {""type"": ""str"", ""extra"": {""columnGroupShow"": ""open"", ""enableColumnExpand"": true}, ""label"": ""Range Africa"", ""width"": 200, ""footer"": null, ""tc_code"": 0, ""dimension"": ""Product Mapping"", ""formatter"": null, ""is_frozen"": false, ""is_hidden"": false, ""is_deleted"": false, ""column_name"": ""range_africa"", ""is_editable"": false, ""is_required"": true, ""is_row_span"": false, ""is_sortable"": false, ""is_aggregated"": false, ""is_searchable"": true, ""aggregate_type"": null, ""is_master_group"": false, ""tc_mapping_code"": ""7305"", ""order_of_display"": 1.4}, {""type"": ""str"", ""extra"": {""columnGroupShow"": ""open"", ""enableColumnExpand"": true}, ""label"": ""Range Asia"", ""width"": 200, ""footer"": null, ""tc_code"": 0, ""dimension"": ""Product Mapping"", ""formatter"": null, ""is_frozen"": false, ""is_hidden"": false, ""is_deleted"": false, ""column_name"": ""range_asia"", ""is_editable"": false, ""is_required"": true, ""is_row_span"": false, ""is_sortable"": false, ""is_aggregated"": false, ""is_searchable"": true, ""aggregate_type"": null, ""is_master_group"": false, ""tc_mapping_code"": ""7306"", ""order_of_display"": 1.5}, {""type"": ""str"", ""extra"": {""columnGroupShow"": ""open"", ""enableColumnExpand"": true}, ""label"": ""Range AUSNZ"", ""width"": 200, ""footer"": null, ""tc_code"": 0, ""dimension"": ""Product Mapping"", ""formatter"": null, ""is_frozen"": false, ""is_hidden"": false, ""is_deleted"": false, ""column_name"": ""range_au_nz"", ""is_editable"": false, ""is_required"": true, ""is_row_span"": false, ""is_sortable"": false, ""is_aggregated"": false, ""is_searchable"": true, ""aggregate_type"": null, ""is_master_group"": false, ""tc_mapping_code"": ""7307"", ""order_of_display"": 1.6}, {""type"": ""str"", ""extra"": {""columnGroupShow"": ""open"", ""enableColumnExpand"": true}, ""label"": ""Range EU"", ""width"": 200, ""footer"": null, ""tc_code"": 0, ""dimension"": ""Product Mapping"", ""formatter"": null, ""is_frozen"": false, ""is_hidden"": false, ""is_deleted"": false, ""column_name"": ""range_eu_uk"", ""is_editable"": false, ""is_required"": true, ""is_row_span"": false, ""is_sortable"": false, ""is_aggregated"": false, ""is_searchable"": true, ""aggregate_type"": null, ""is_master_group"": false, ""tc_mapping_code"": ""7308"", ""order_of_display"": 1.7}, {""type"": ""str"", ""extra"": {""columnGroupShow"": ""open"", ""enableColumnExpand"": true}, ""label"": ""Range USA"", ""width"": 200, ""footer"": null, ""tc_code"": 0, ""dimension"": ""Product Mapping"", ""formatter"": null, ""is_frozen"": false, ""is_hidden"": false, ""is_deleted"": false, ""column_name"": ""range_usa"", ""is_editable"": false, ""is_required"": true, ""is_row_span"": false, ""is_sortable"": false, ""is_aggregated"": false, ""is_searchable"": true, ""aggregate_type"": null, ""is_master_group"": false, ""tc_mapping_code"": ""7309"", ""order_of_display"": 1.8}], ""is_aggregated"": false, ""is_searchable"": false, ""aggregate_type"": null, ""is_master_group"": false, ""tc_mapping_code"": ""5512364"", ""order_of_display"": 0.9}",1,false,
4107,inv_oms_choice_info_config,APPLICATION,OMS role configuration,true,"{""type"": ""str"", ""label"": ""Ref Description"", ""width"": 200, ""footer"": """", ""formatter"": {}, ""is_frozen"": true, ""is_hidden"": false, ""column_name"": ""style_name"", ""is_editable"": false, ""is_lockable"": true, ""is_row_span"": false, ""is_sortable"": false, ""sub_headers"": [], ""is_aggregated"": false, ""is_searchable"": true, ""order_of_display"": 0.1}",1,false,
4108,inv_oms_setall_config,APPLICATION,OMS role configuration,TRUE,"{""title"": ""SET ALL"", ""matrixSummaryLabel"": ""Kpi Source"", ""styleOrderSummaryLabel"": ""ROQ Source"", ""options"": [{""id"": ""1"", ""label"": ""Vendor MOQ Optimized ROQ"", ""value"": ""roq_unconstrained""}, {""id"": ""2"", ""label"": ""Raw ROQ"", ""value"": ""raw_roq""}]}",1,FALSE,
4109,inv_oms_kpi_config,APPLICATION,OMS role configuration,true,"{""label"": ""KPI"", ""options"": [{""id"": ""1"", ""label"": ""Commited Orders(qty)"", ""value"": ""commited_orders""}, {""id"": ""2"", ""label"": ""Today's Approved Orders (qty)"", ""value"": ""today_approved_orders""}, {""id"": ""3"", ""label"": ""Orders under Review (qty)"", ""value"": ""order_under_review""}, {""id"": ""4"", ""label"": ""MOQ"", ""value"": ""min_order_quantity_style""}, {""id"": ""5"", ""label"": ""Raw ROQ"", ""value"": ""raw_roq""}, {""id"": ""6"", ""label"": ""Shipment adjusted ROQ"", ""value"": ""ia_shipment_order_quantity""}, {""id"": ""7"", ""label"": ""Vendor MOQ Optimized ROQ"", ""value"": ""roq_unconstrained""}, {""id"": ""8"", ""label"": ""MFP Constrained ROQ"", ""value"": ""roq_constrained""}, {""id"": ""9"", ""label"": ""OTB (qty)"", ""value"": ""otb""}, {""id"": ""10"", ""label"": ""Receipt Plan"", ""value"": ""recipt_plan""}]}",1,false,
4110,inv_oms_hieraracy_config,APPLICATION,OMS role configuration,TRUE,"{""l0"": ""Ref ID"", ""l1"": ""DC Name"", ""l2"": ""Size"", ""left_toggle_l2_table_column"": ""DC Name""}",1,FALSE,
4111,inv_oms_order_repo_config,APPLICATION,OMS Order Repository configuration,true,"{""default"": {""tabOptions"": [{""label"": ""Approved Orders"", ""value"": ""approved_orders"", ""status"": [3], ""showTab"": true, ""table_name"": ""inventorysmart_oms_approved_sku_summary"", ""isEditButton"": false, ""isDeletedButton"": false, ""isApprovalButton"": {""name"": ""Approve"", ""isVisible"": false, ""actionCode"": null, ""actionName"": ""Approve""}, ""isDownloadButton"": true, ""isPushBackButton"": {""name"": """", ""isVisible"": false, ""actionCode"": null, ""actionName"": ""Push_Back""}, ""isMultiSelectRows"": false, ""tab_display_order"": 3, ""isSendForApprovalButton"": {""name"": ""Send For Approval"", ""isVisible"": false, ""actionCode"": null, ""actionName"": ""Send_for_Approval_1""}}, {""label"": ""Orders Under Review"", ""value"": ""Push_Back"", ""status"": [-1], ""showTab"": true, ""table_name"": ""inventorysmart_oms_orders_under_review_sku_summary"", ""isEditButton"": true, ""isDeletedButton"": true, ""isApprovalButton"": {""name"": ""Approve"", ""isVisible"": false, ""actionCode"": null, ""actionName"": ""Approve""}, ""isDownloadButton"": true, ""isPushBackButton"": {""name"": """", ""isVisible"": false, ""actionCode"": null, ""actionName"": ""Push_Back""}, ""isMultiSelectRows"": true, ""tab_display_order"": 2, ""hideSelectAllRecords"": false, ""isSendForApprovalButton"": {""name"": ""Send For Approval"", ""isVisible"": true, ""actionCode"": null, ""actionName"": ""Send_for_Approval_1""}}, {""label"": ""Pending Orders"", ""value"": ""Send_for_Approval_1"", ""status"": [1], ""showTab"": true, ""table_name"": ""inventorysmart_oms_approved_sku_summary"", ""isEditButton"": false, ""isDeletedButton"": true, ""isApprovalButton"": {""name"": ""Approve"", ""isVisible"": false, ""actionCode"": null, ""actionName"": ""Approve""}, ""isDownloadButton"": true, ""isPushBackButton"": {""name"": ""Send to Review"", ""isVisible"": true, ""actionCode"": null, ""actionName"": ""Push_Back""}, ""isMultiSelectRows"": true, ""tab_display_order"": 1, ""hideSelectAllRecords"": false, ""isSendForApprovalButton"": {""name"": ""Send For Approval"", ""isVisible"": false, ""actionCode"": null, ""actionName"": ""Send_for_Approval_1""}}]}}",1,false,
4112,inv_oms_roles_config,APPLICATION,OMS role configuration,TRUE,"{""default"":[{""showTab"":false, ""order_repository"": {""orders_table"": {""delivery_date_key"": ""editable_expected_receipt_date""}}, ""reports"":{""inventorysmart_vendor_projections"":{""vendorProductOrder"":{""unique_id"":""article""},""vendorProductForecast"":{""unique_id"":""article""},""dcSizeLevelProjection"":{""unique_id"":""l4_name""},""hideMetricCostToggle"":true,""hideVendorProjectionsTable"":true}},""constraints"":{""status"":{""unique_key"":""l6_id"",""primary_key"":""l6_id"",""edit_api_keys"":[""l6_id"",""vendor_code""],""setall_formdata_fields"":[{""label"":""Replenishment Status"",""isMulti"":false,""options"":[{""label"":""Allocation"",""value"":""Allocate""},{""label"":""Replenishment"",""value"":""Replen""}],""accessor"":""status"",""field_type"":""list""}]},""lead_time"":{""is_week_calculation_enabled"":true,""is_lead_time_in_week"":true,""edit_api_keys"":[""article"",""loc_code"",""vendor_code""],""setall_api_keys"":[""article"",""loc_code""],""setall_formdata_fields"":[{""label"":""Manufacturing Lead time (days)"",""accessor"":""manufacturing_lead_time"",""field_type"":""IntegerField"",""value_type"":""number"",""no_negative_values"":true},{""label"":""Vendor to DC Lead Time (weeks)"",""accessor"":""leadTime"",""field_type"":""IntegerField"",""value_type"":""number"",""no_negative_values"":true, ""min_value"": 1}]},""shipment_constraints"":{""is_moq_validation"":false,""is_max_replishment_value_is_zero"":true},""safety_stock"":{""unique_key"":""id"",""primary_key"":""article"",""edit_api_keys"":[""article"",""loc_code""],""disable_cell_mapping"":{""column_name"":""demand_twos"",""value"":""is_wos_demand_disabled""},""setall_mapping"":{""demand_twos"":""demand_twos"",""stock_units"":""stock_units"",""safety_stock_twos"":""safety_stock_twos"",""service_level_pct"":""service_level_pct"",""safety_stock_method"":""safety_stock_method""},""safety_stock_methods"":[{""field"":""stock_units"",""value"":""Safety Stock Unit""},{""field"":""service_level_pct"",""value"":""Service Level""},{""field"":""safety_stock_twos"",""value"":""WOS""}],""setall_formdata_fields"":[{""label"":""Safety Stock Method"",""isMulti"":false,""options"":[{""id"":""Service Level"",""label"":""Service Level"",""value"":""service_level_pct""},{""id"":""Safety Stock Unit"",""label"":""Safety Stock Unit"",""value"":""stock_units""},{""id"":""WOS"",""label"":""WOS (Safety Stock)"",""value"":""safety_stock_twos""}],""accessor"":""safety_stock_method"",""field_type"":""list"",""is_mandatory"":true},{""label"":""Service Level"",""accessor"":""service_level_pct"",""max_value"":99,""min_value"":50,""field_type"":""IntegerField"",""value_type"":""percentage"",""validation_message"":""Service Level must have a value between 50% and 99%.""},{""label"":""Safety Stock Unit"",""accessor"":""stock_units"",""max_value"":99999,""min_value"":0,""field_type"":""IntegerField"",""value_type"":""number"",""no_negative_values"":true},{""label"":""WOS (Safety Stock)"",""accessor"":""safety_stock_twos"",""field_type"":""IntegerField"",""value_type"":""number"",""no_negative_values"":true,""min_value"": 1},{""label"":""WOS (Demand)"",""accessor"":""demand_twos"",""min_value"":0,""field_type"":""IntegerField"",""value_type"":""number"",""no_negative_values"":true}],""safety_stock_graph_keys"":[""article"",""loc_code""],""safety_stock_plot_bands"":[{""to"":49,""from"":45,""color"":""#CAE4BA""},{""to"":45,""from"":30,""color"":""#E2F0D9""},{""to"":30,""from"":25,""color"":""#FBE5D6""},{""to"":25,""from"":0,""color"":""#F9D6BF""}]},""vendor_constraints"":{""unique_key"":""rule_code"",""primary_key"":""rule_code"",""edit_api_keys"":[""article"",""loc_code""],""setall_mapping"":{""rule_name"":""rule_name"",""moq_tolerance"":""moq_tolerance"",""order_multiple"":""order_multiple"",""level_of_application"":""level_of_application"",""max_replenishment_quantity"":""max_replenishment_quantity"",""min_replenishment_quantity"":""min_replenishment_quantity""},""level_of_application"":[[{""label"":""Sum of all"",""value"":""sum_all""},{""label"":""Applicable to all"",""value"":""applicable_all""}]],""setall_formdata_fields"":[{""label"": ""Rule Name"",""accessor"": ""rule_name"",""field_type"": ""TextField"",""value_type"": ""str"",""is_mandatory"": false},{""label"":""Level of Application"",""isMulti"":false,""options"":[{""id"":""sum_all"",""label"":""Sum of all"",""value"":""sum_all""},{""id"":""applicable_all"",""label"":""Applicable to all"",""value"":""applicable_all""}],""accessor"":""level_of_application"",""field_type"":""list"",""is_mandatory"":true},{""label"":""Min Order Qty"",""accessor"":""min_replenishment_quantity"",""min_value"":0,""field_type"":""IntegerField"",""value_type"":""number"",""is_mandatory"":true,""no_negative_values"":true},{""label"":""Max Order Qty"",""accessor"":""max_replenishment_quantity"",""field_type"":""IntegerField"",""value_type"":""number"",""is_mandatory"":true,""no_negative_values"":true},{""label"":""MOQ Tolerance"",""accessor"":""moq_tolerance"",""max_value"":100,""min_value"":0,""field_type"":""IntegerField"",""value_type"":""percentage"",""is_mandatory"":true},{""label"":""Order Multiple"",""accessor"":""order_multiple"",""min_value"":1,""field_type"":""IntegerField"",""value_type"":""number"",""is_mandatory"":true,""no_negative_values"":true}],""create_rcl_single_select_fields"":[""l0_name""],""add_rule_button_label"":""Add Hierarchies""}},""isEditButton"":{""isVisible"":true},""decision_dashboard"": {""showNewAlertTableDropdownOptions"": false,""render3DIcons"":true,""kpiIconMapping"":[{""label"":"" DC WOS (OH)"",""iconType"":""CL1""},{""label"":"" DC On Hand"",""iconType"":""WH1""},{""label"":"" Last Week's Sales Gross Profit ($)"",""iconType"":""CS2""},{""label"":"" Last Week's Sales ($)"",""iconType"":""SL1""},{""label"":"" Last Week's Sales Units"",""iconType"":""SL2""},{""label"":"" Last 4 Week's Sales ($)"",""iconType"":""SL2""},{""label"":"" PO Units"",""iconType"":""PO1""},{""label"":"" Open PO Units"",""iconType"":""DR1""},{""label"":"" PO Cost"",""iconType"":""PO1""},{""label"":"" Open PO Cost"",""iconType"":""DR1""}],""hide_deep_dive"": false}, ""oms_dashboard"":{""is_dc_filter_enabled"":true,""matrix_summary"":{""mapSetAllFieldsWithColumnHeaders"":true},""deep_dive"":{""show_date_range"":true,""show_toggle_button"":false,""charts_x_axis_key"":""week_end_date"",""deep_dive_charts_config"":[{""series"":{""type"":""area"",""color"":""#d3d3d3"",""marker"":{""radius"":0,""states"":{""hover"":{""enabled"":true}},""symbol"":""circle"",""enabled"":false},""fillOpacity"":0.8},""leadTime"":{""key"":""exp_bop_dc_inv"",""label"":""Projected BOP""},""effectiveLeadTime"":{""key"":""exp_bop_dc_inv"",""label"":""Projected BOP""}},{""series"":{""type"":""column"",""color"":""#002D62""},""leadTime"":{""key"":""po_receipts"",""label"":""On Order Quantity""},""effectiveLeadTime"":{""key"":""po_receipts"",""label"":""On Order Quantity""}},{""series"":{""type"":""spline"",""color"":""#C70039"",""marker"":{""radius"":0,""states"":{""hover"":{""enabled"":true}},""symbol"":""circle"",""enabled"":false}},""leadTime"":{""key"":""safety_stock"",""label"":""Safety Stock""},""effectiveLeadTime"":{""key"":""safety_stock"",""label"":""Safety Stock""}},{""series"":{""type"":""spline"",""color"":""#00ACCB"",""marker"":{""radius"":0,""states"":{""hover"":{""enabled"":true}},""symbol"":""circle"",""enabled"":false}},""leadTime"":{""key"":""forecast"",""label"":""Sales Forecast""},""effectiveLeadTime"":{""key"":""forecast"",""label"":""Sales Forecast""}},{""series"":{""type"":""column"",""color"":""#F4743B""},""leadTime"":{""key"":""total_dc_forecast"",""label"":""Inventory Outflow""},""show_as_negative"":true,""effectiveLeadTime"":{""key"":""total_dc_forecast"",""label"":""Inventory Outflow""}},{""series"":{""type"":""column"",""color"":""#028A0F"",""fillOpacity"":0.2},""leadTime"":{""key"":""order_cycle_receipt"",""label"":""Order Cycle Receipts""},""effectiveLeadTime"":{""key"":""order_cycle_receipt"",""label"":""Order Cycle Receipts""}}],""order_placement_weeks_limit"":52},""approval_flow"":{""show_approve_button"":false,""order_placement_date_range"":{""isMandatory"":true},""order_placement_weeks_limit"":26,""show_send_by_approval_button"":true},""high_level_summary"":{""show_week_date_range"" : true, ""tab_list"":[{""label"":""1W"",""value"":""week"", ""week_count"": 1},{""label"":""3W"",""value"":""three_weeks"", ""week_count"": 3},{""label"":""6W"",""value"":""six_weeks"", ""week_count"": 6},{""label"":""1M"",""value"":""month""},{""label"":""3M"",""value"":""three_months""},{""label"":""6M"",""value"":""six_months""}],""show_units_cost_switch"":true,""default_selected_view_by_option"":{""label"":""Product Group ID Name"",""value"":""l1_name""}, ""fetch_view_by_from_api"": false, ""view_by_dropdown_options"":[{""label"":""Product Group ID Name"",""value"":""l1_name""},{""label"":""Sub Group ID Name"",""value"":""l2_name""},{""label"":""Range USA"",""value"":""range_usa""},{""label"":""Range EU"",""value"":""range_eu_uk""},{""label"":""Range AUSNZ"",""value"":""range_au_nz""},{""label"":""Range Asia"",""value"":""range_asia""},{""label"":""Range Africa"",""value"":""range_africa""}],""order_placement_weeks_limit"":26},""style_order_summary"":{""display_fiscal_week_as_end_date"":false,""header_tab_title"":""Ref Order Summary"",""unique_key"":""article"",""description_key"":""style_name"",""description_label"":""Ref"",""toggle_value_left"":{""label"":""By size"",""value"":""size""},""toggle_value_right"":{""label"":""By DC"",""value"":""loc_projected_recommend_date""},""default_toggle_value"":true,""order_status_id_column_name"":""order_status_id"",""order_status_column_name"":""order_status"",""order_status_column_mapping"":{""0"":""Recommended"",""1"":""Pending Order"",""2"":""Pending Stage 2"",""3"":""Approved"",""-1"":""Order Under Review""}}},""create_scenario"":{""deep_dive_filters"":[{""label"":""DC Name"", ""column_name"":""store_name""}],""charts_x_axis_key"":""week_end_date"",""scenario_table_title"" : ""Product Details Table"",""create_scenario_charts_config"":[{""series"":{""type"":""area"",""color"":""#d3d3d3"",""fillOpacity"":0.8,""marker"":{""enabled"":false,""symbol"":""circle"",""radius"":0,""states"":{""hover"":{""enabled"":true}}}},""leadTime"":{""key"":""exp_bop_dc_inv_without_qc"",""label"":""Projected BOP""},""effectiveLeadTime"":{""key"":""exp_bop_dc_inv_with_qc"",""label"":""Projected BOP ELT""}},{""series"":{""type"":""spline"",""color"":""#002D62"",""fillOpacity"":0.8,""dashStyle"":""longdash"",""marker"":{""radius"":1}},""leadTime"":{""key"":""exp_bop_dc_inv_scenario_without_qc"",""label"":""Projected BOP Scenario""},""effectiveLeadTime"":{""key"":""exp_bop_dc_inv_scenario_with_qc"",""label"":""Projected BOP ELT Scenario""}},{""series"":{""type"":""column"",""color"":""#0055AF""},""leadTime"":{""key"":""Order_Cycle_without_qc"",""label"":""Order Cycle Receipts""},""effectiveLeadTime"":{""key"":""Order_Cycle_with_qc"",""label"":""Order Cycle Receipts ELT""}},{""series"":{""type"":""column"",""color"":{""pattern"":{""path"":{""d"":""M 0 0 L 10 10 M 9 - 1 L 11 1 M - 1 9 L 1 11"",""stroke"":""#FFFFFF""},""width"":10,""height"":10,""backgroundColor"":""#F4743B""}}},""leadTime"":{""key"":""Order_Cycle_scenario_without_qc"",""label"":""Order Cycle Receipts Scenario""},""effectiveLeadTime"":{""key"":""Order_Cycle_scenario_with_qc"",""label"":""Order Cycle Receipts ELT Scenario""}},{""series"":{""type"":""spline"",""color"":""#C70039""},""leadTime"":{""key"":""safety_stock"",""label"":""Safety Stock""},""effectiveLeadTime"":{""key"":""safety_stock"",""label"":""Safety Stock""}},{""series"":{""type"":""spline"",""color"":""#00ACCB"",""dashStyle"":""longdash"",""marker"":{""lineWidth"":1,""radius"":1}},""leadTime"":{""key"":""safety_stock_scenario"",""label"":""Safety Stock Scenario""},""effectiveLeadTime"":{""key"":""safety_stock_scenario"",""label"":""Safety Stock Scenario""}},{""series"":{""type"":""column"",""color"":""#002D62""},""leadTime"":{""key"":""po_receipts_without_qc"",""label"":""On Order Quantity""},""effectiveLeadTime"":{""key"":""po_receipts_with_qc"",""label"":""On Order Quantity ELT""}},{""series"":{""type"":""column"",""color"":""#7CB9E8""},""leadTime"":{""key"":""po_receipts_scenario_without_qc"",""label"":""On Order Quantity Scenario""},""effectiveLeadTime"":{""key"":""po_receipts_scenario_with_qc"",""label"":""On Order Quantity ELT Scenario""}},{""series"":{""type"":""column"",""color"":""#0055AF""},""leadTime"":{""key"":""approved_receipt_without_qc"",""label"":""Approved Order Quantity""},""effectiveLeadTime"":{""key"":""approved_receipt_with_qc"",""label"":""Approved Order Quantity  ELT""}},{""series"":{""type"":""column"",""color"":""#F4743B""},""leadTime"":{""key"":""approved_receipt_scenario_without_qc"",""label"":""Approved Order Quantity Scenario""},""effectiveLeadTime"":{""key"":""approved_receipt_scenario_with_qc"",""label"":""Approved Order Quantity ELT Scenario""}},{""series"":{""type"":""spline"",""color"":""#C70039"",""marker"":{""radius"":1}},""leadTime"":{""key"":""forecast"",""label"":""Sales Forecast""},""effectiveLeadTime"":{""key"":""forecast"",""label"":""Sales Forecast""}},{""series"":{""type"":""column"",""color"":""#002D62""},""leadTime"":{""key"":""total_dc_forecast"",""label"":""Inventory Outflow""},""effectiveLeadTime"":{""key"":""total_dc_forecast"",""label"":""Inventory Outflow""},""show_as_negative"":true},{""series"":{""type"":""spline"",""color"":""#deab03"",""marker"":{""radius"":0,""states"":{""hover"":{""enabled"":true}},""symbol"":""circle"",""enabled"":false},""fillOpacity"":0.8},""leadTime"":{""key"":""ly_oh"",""label"":""LY OH""},""effectiveLeadTime"":{""key"":""ly_oh"",""label"":""LY OH ELT""}}],""safety_stock"":{""unique_key"":""id"",""primary_key"":""product_code"",""setall_mapping"":{""max_stock"":""stock_units"",""safety_stock"":""safety_stock_method"",""service_level"":""service_level_pct"",""safety_stock_twos"":""safety_stock_twos""},""primary_key_from_OMS"":""article"",""safety_stock_methods"":[{""field"":""stock_units"",""value"":""Safety Stock Unit""},{""field"":""service_level_pct"",""value"":""Service Level""},{""field"":""safety_stock_twos"",""value"":""WOS""}],""setall_formdata_fields"":[{""label"":""Safety Stock Method"",""isMulti"":false,""options"":[{""id"":""Service Level"",""label"":""Service Level"",""value"":""service_level""},{""id"":""Safety Stock Unit"",""label"":""Safety Stock Unit"",""value"":""max_stock""},{""id"":""WOS"",""label"":""WOS (Safety Stock)"",""value"":""safety_stock_twos""}],""accessor"":""safety_stock"",""field_type"":""list""},{""label"":""Service Level"",""accessor"":""service_level"",""field_type"":""IntegerField"",""value_type"":""percentage""},{""label"":""Safety Stock Unit"",""accessor"":""max_stock"",""field_type"":""IntegerField"",""value_type"":""number"",""no_negative_values"":true,""max_value"":99999,""max_validation"":true},{""label"":""WOS (Safety Stock)"",""accessor"":""safety_stock_twos"",""field_type"":""IntegerField"",""value_type"":""number"",""no_negative_values"":true,""max_value"":99999,""max_validation"":true}],""safety_stock_plot_bands"":[{""to"":49,""from"":45,""color"":""#CAE4BA""},{""to"":45,""from"":30,""color"":""#E2F0D9""},{""to"":30,""from"":25,""color"":""#FBE5D6""},{""to"":25,""from"":0,""color"":""#F9D6BF""}]}},""create_new_order"":{""enabledCommentDialog"":false,""uniqueRowId"":""l6_id_loc_code"",""isApprovalButton"":{""name"":""Approve"",""isVisible"":false},""setall_formdata_fields"":[{""label"":""Order Qty"",""accessor"":""order_qty"",""field_type"":""IntegerField"",""value_type"":""number""},{""label"":""Expected Receipt Date"",""accessor"":""expected_receipt_date"",""field_type"":""DateTimeField"",""value_type"":""date"",""disablePast"":true}],""isSendForApprovalButton"":{""name"":""Send For Approval"",""isVisible"":true},""isCreateNewOrderTableGrouping"":true},""isApprovalButton"":{""name"":""Approve"",""isVisible"":true},""isSendForApprovalButton"":{""name"":""Send For Approval"",""isVisible"":false}}]}",1,FALSE,
4113,inv_oms_global_config_default,APPLICATION,OMS Order Repository configuration,true,"{""default"": {""tabOptions"": [{""csvHeader"":""inventorysmart_oms_approved_sku_summary_download"",""customCsvHeader"":true,""label"": ""Approved Orders"", ""value"": ""approved_orders"", ""status"": [3], ""showTab"": true, ""table_name"": ""inventorysmart_oms_approved_sku_summary"", ""isEditButton"": false, ""isDeletedButton"": false, ""isApprovalButton"": {""name"": ""Approve"", ""isVisible"": false, ""actionCode"": null, ""actionName"": ""Approve""}, ""isDownloadButton"": true, ""isPushBackButton"": {""name"": """", ""isVisible"": false, ""actionCode"": null, ""actionName"": ""Push_Back""}, ""isMultiSelectRows"": false, ""isSendForApprovalButton"": {""name"": ""Send For Approval"", ""isVisible"": false, ""actionCode"": null, ""actionName"": ""Send_for_Approval_1""}}, {""label"": ""Orders Under Review"", ""value"": ""Push_Back"", ""status"": [-1], ""showTab"": true, ""table_name"": ""inventorysmart_oms_orders_under_review_sku_summary"", ""isEditButton"": true, ""isDeletedButton"": true, ""isApprovalButton"": {""name"": ""Approve"", ""isVisible"": false, ""actionCode"": null, ""actionName"": ""Approve""}, ""isDownloadButton"": true, ""isPushBackButton"": {""name"": """", ""isVisible"": false, ""actionCode"": null, ""actionName"": ""Push_Back""}, ""isMultiSelectRows"": true, ""tab_display_order"": 2, ""isSendForApprovalButton"": {""name"": ""Send For Approval"", ""isVisible"": true, ""actionCode"": null, ""actionName"": ""Send_for_Approval_1""}}, {""label"": ""Pending Orders"", ""value"": ""Send_for_Approval_1"", ""status"": [1], ""showTab"": true, ""table_name"": ""inventorysmart_oms_pending_sku_summary"", ""isEditButton"": false, ""isDeletedButton"": true, ""isApprovalButton"": {""name"": ""Approve"", ""isVisible"": true, ""actionCode"": null, ""actionName"": ""Approve""}, ""isDownloadButton"": true, ""isPushBackButton"": {""name"": ""Send to Review"", ""isVisible"": true, ""actionCode"": null, ""actionName"": ""Push_Back""}, ""isMultiSelectRows"": true, ""tab_display_order"": 1, ""hideSelectAllRecords"": false, ""isSendForApprovalButton"": {""name"": ""Send For Approval"", ""isVisible"": false, ""actionCode"": null, ""actionName"": ""Send_for_Approval_1""}}], ""order_repository"": {""hidden_kpis"": [""order_cost_by_status""]}}}",1,false,
4114,inv_oms_global_config_admin,APPLICATION,OMS Admin configuration,true,"{""default"": {""tabOptions"": [{""csvHeader"":""inventorysmart_oms_approved_sku_summary_download"",""customCsvHeader"":true,""label"": ""Approved Orders"", ""value"": ""approved_orders"", ""status"": [3], ""showTab"": true, ""table_name"": ""inventorysmart_oms_approved_sku_summary"", ""isEditButton"": false, ""isDeletedButton"": false, ""isApprovalButton"": {""name"": ""Approve"", ""isVisible"": false, ""actionCode"": null, ""actionName"": ""Approve""}, ""isDownloadButton"": true, ""isPushBackButton"": {""name"": """", ""isVisible"": false, ""actionCode"": null, ""actionName"": ""Push_Back""}, ""isMultiSelectRows"": false, ""isSendForApprovalButton"": {""name"": ""Send For Approval"", ""isVisible"": false, ""actionCode"": null, ""actionName"": ""Send_for_Approval_1""}}, {""label"": ""Orders Under Review"", ""value"": ""Push_Back"", ""status"": [-1], ""showTab"": true, ""table_name"": ""inventorysmart_oms_orders_under_review_sku_summary"", ""isEditButton"": true, ""isDeletedButton"": true, ""isApprovalButton"": {""name"": ""Approve"", ""isVisible"": false, ""actionCode"": null, ""actionName"": ""Approve""}, ""isDownloadButton"": true, ""isPushBackButton"": {""name"": """", ""isVisible"": false, ""actionCode"": null, ""actionName"": ""Push_Back""}, ""isMultiSelectRows"": true, ""tab_display_order"": 2, ""isSendForApprovalButton"": {""name"": ""Send For Approval"", ""isVisible"": true, ""actionCode"": null, ""actionName"": ""Send_for_Approval_1""}}, {""label"": ""Pending Orders"", ""value"": ""Send_for_Approval_1"", ""status"": [1], ""showTab"": true, ""table_name"": ""inventorysmart_oms_pending_sku_summary"", ""isEditButton"": false, ""isDeletedButton"": true, ""isApprovalButton"": {""name"": ""Approve"", ""isVisible"": true, ""actionCode"": null, ""actionName"": ""Approve""}, ""isDownloadButton"": true, ""isPushBackButton"": {""name"": ""Send to Review"", ""isVisible"": true, ""actionCode"": null, ""actionName"": ""Push_Back""}, ""isMultiSelectRows"": true, ""tab_display_order"": 1, ""hideSelectAllRecords"": false, ""isSendForApprovalButton"": {""name"": ""Send For Approval"", ""isVisible"": false, ""actionCode"": null, ""actionName"": ""Send_for_Approval_1""}}], ""order_repository"": {""hidden_kpis"": [""order_cost_by_status""]}}}",1,false,
4115,inv_oms_global_config_superuser,APPLICATION,OMS Superuser configuration,true,"{""default"": {""tabOptions"": [{""csvHeader"":""inventorysmart_oms_approved_sku_summary_download"",""customCsvHeader"":true,""label"": ""Approved Orders"", ""value"": ""approved_orders"", ""status"": [3], ""showTab"": true, ""table_name"": ""inventorysmart_oms_approved_sku_summary"", ""isEditButton"": false, ""isDeletedButton"": false, ""isApprovalButton"": {""name"": ""Approve"", ""isVisible"": false, ""actionCode"": null, ""actionName"": ""Approve""}, ""isDownloadButton"": true, ""isPushBackButton"": {""name"": """", ""isVisible"": false, ""actionCode"": null, ""actionName"": ""Push_Back""}, ""isMultiSelectRows"": false, ""isSendForApprovalButton"": {""name"": ""Send For Approval"", ""isVisible"": false, ""actionCode"": null, ""actionName"": ""Send_for_Approval_1""}}, {""label"": ""Orders Under Review"", ""value"": ""Push_Back"", ""status"": [-1], ""showTab"": true, ""table_name"": ""inventorysmart_oms_orders_under_review_sku_summary"", ""isEditButton"": true, ""isDeletedButton"": true, ""isApprovalButton"": {""name"": ""Approve"", ""isVisible"": false, ""actionCode"": null, ""actionName"": ""Approve""}, ""isDownloadButton"": true, ""isPushBackButton"": {""name"": """", ""isVisible"": false, ""actionCode"": null, ""actionName"": ""Push_Back""}, ""isMultiSelectRows"": true, ""tab_display_order"": 2, ""isSendForApprovalButton"": {""name"": ""Send For Approval"", ""isVisible"": true, ""actionCode"": null, ""actionName"": ""Send_for_Approval_1""}}, {""label"": ""Pending Orders"", ""value"": ""Send_for_Approval_1"", ""status"": [1], ""showTab"": true, ""table_name"": ""inventorysmart_oms_pending_sku_summary"", ""isEditButton"": false, ""isDeletedButton"": true, ""isApprovalButton"": {""name"": ""Approve"", ""isVisible"": true, ""actionCode"": null, ""actionName"": ""Approve""}, ""isDownloadButton"": true, ""isPushBackButton"": {""name"": ""Send to Review"", ""isVisible"": true, ""actionCode"": null, ""actionName"": ""Push_Back""}, ""isMultiSelectRows"": true, ""tab_display_order"": 1, ""hideSelectAllRecords"": false, ""isSendForApprovalButton"": {""name"": ""Send For Approval"", ""isVisible"": false, ""actionCode"": null, ""actionName"": ""Send_for_Approval_1""}}], ""order_repository"": {""hidden_kpis"": [""order_cost_by_status""]}}}",1,false,
4116,inv_oms_global_config_d&d,APPLICATION,OMS D&D configuration,true,"{""default"": {""tabOptions"": [{""csvHeader"":""inventorysmart_oms_approved_sku_summary_download"",""customCsvHeader"":true,""label"": ""Approved Orders"", ""value"": ""approved_orders"", ""status"": [3], ""showTab"": true, ""table_name"": ""inventorysmart_oms_approved_sku_summary"", ""isEditButton"": false, ""isDeletedButton"": false, ""isApprovalButton"": {""name"": ""Approve"", ""isVisible"": false, ""actionCode"": null, ""actionName"": ""Approve""}, ""isDownloadButton"": true, ""isPushBackButton"": {""name"": """", ""isVisible"": false, ""actionCode"": null, ""actionName"": ""Push_Back""}, ""isMultiSelectRows"": false, ""isSendForApprovalButton"": {""name"": ""Send For Approval"", ""isVisible"": false, ""actionCode"": null, ""actionName"": ""Send_for_Approval_1""}}, {""label"": ""Orders Under Review"", ""value"": ""Push_Back"", ""status"": [-1], ""showTab"": true, ""table_name"": ""inventorysmart_oms_orders_under_review_sku_summary"", ""isEditButton"": true, ""isDeletedButton"": true, ""isApprovalButton"": {""name"": ""Approve"", ""isVisible"": false, ""actionCode"": null, ""actionName"": ""Approve""}, ""isDownloadButton"": true, ""isPushBackButton"": {""name"": """", ""isVisible"": false, ""actionCode"": null, ""actionName"": ""Push_Back""}, ""isMultiSelectRows"": true, ""tab_display_order"": 2, ""isSendForApprovalButton"": {""name"": ""Send For Approval"", ""isVisible"": true, ""actionCode"": null, ""actionName"": ""Send_for_Approval_1""}}, {""label"": ""Pending Orders"", ""value"": ""Send_for_Approval_1"", ""status"": [1], ""showTab"": true, ""table_name"": ""inventorysmart_oms_pending_sku_summary"", ""isEditButton"": false, ""isDeletedButton"": true, ""isApprovalButton"": {""name"": ""Approve"", ""isVisible"": true, ""actionCode"": null, ""actionName"": ""Approve""}, ""isDownloadButton"": true, ""isPushBackButton"": {""name"": ""Send to Review"", ""isVisible"": true, ""actionCode"": null, ""actionName"": ""Push_Back""}, ""isMultiSelectRows"": true, ""tab_display_order"": 1, ""hideSelectAllRecords"": false, ""isSendForApprovalButton"": {""name"": ""Send For Approval"", ""isVisible"": false, ""actionCode"": null, ""actionName"": ""Send_for_Approval_1""}}], ""order_repository"": {""hidden_kpis"": [""order_cost_by_status""]}}}",1,false,
4117,vendor_projection_report,APPLICATION,client_specific_columns,TRUE,"{""value"":[{""type"": ""str"", ""extra"": {""download"":true}, ""label"": ""DC Name"", ""width"": 160, ""footer"": """", ""dimension"": ""NA"", ""formatter"": """", ""is_frozen"": true, ""is_hidden"": false, ""column_name"": ""dc_name"", ""is_editable"": false, ""is_required"": false, ""is_row_span"": false, ""is_sortable"": true, ""sub_headers"": [], ""is_aggregated"": false, ""is_searchable"": true, ""aggregate_type"": """", ""order_of_display"": 0},{""type"":""str"",""extra"":{""exclude_from_download"":true},""label"":""Hierarchy"",""width"":200,""footer"":"""",""dimension"":""Product Mapping"",""formatter"":"""",""is_frozen"":false,""is_hidden"":false,""column_name"":""l4_name"",""is_editable"":false,""is_required"":false,""is_row_span"":false,""is_sortable"":false,""sub_headers"":[{""type"":""link"",""extra"":{""disableRangeFilter"":true,""disableCommaFormatting"":true},""label"":""Ref ID"",""width"":160,""footer"":"""",""dimension"":""NA"",""formatter"":"""",""is_frozen"":false,""is_hidden"":false,""column_name"":""l4_name"",""is_editable"":false,""is_required"":false,""is_row_span"":false,""is_sortable"":true,""sub_headers"":[],""is_aggregated"":false,""is_searchable"":true,""aggregate_type"":"""",""order_of_display"":2},{""type"":""str"",""extra"":{""columnGroupShow"":""open"",""enableColumnExpand"":true},""label"":""Ref Description"",""width"":250,""footer"":"""",""dimension"":""NA"",""formatter"":"""",""is_frozen"":false,""is_hidden"":false,""column_name"":""style_name"",""is_editable"":false,""is_required"":false,""is_row_span"":false,""is_sortable"":true,""sub_headers"":[],""is_aggregated"":false,""is_searchable"":true,""aggregate_type"":"""",""order_of_display"":3},{""type"":""str"",""extra"":{""columnGroupShow"":""open"",""enableColumnExpand"":true},""label"":""Vendor Name"",""width"":200,""footer"":"""",""dimension"":""NA"",""formatter"":"""",""is_frozen"":false,""is_hidden"":false,""column_name"":""vendor"",""is_editable"":false,""is_required"":false,""is_row_span"":false,""is_sortable"":true,""sub_headers"":[],""is_aggregated"":false,""is_searchable"":true,""aggregate_type"":"""",""order_of_display"":5},{""type"":""str"",""extra"":{""columnGroupShow"":""open"",""enableColumnExpand"":true},""label"":""Range USA"",""width"":200,""footer"":"""",""dimension"":""NA"",""formatter"":"""",""is_frozen"":false,""is_hidden"":false,""column_name"":""range_usa"",""is_editable"":false,""is_required"":false,""is_row_span"":false,""is_sortable"":true,""sub_headers"":[],""is_aggregated"":false,""is_searchable"":true,""aggregate_type"":"""",""order_of_display"":6},{""type"":""str"",""extra"":{""columnGroupShow"":""open"",""enableColumnExpand"":true},""label"":""Range EU"",""width"":200,""footer"":"""",""dimension"":""NA"",""formatter"":"""",""is_frozen"":false,""is_hidden"":false,""column_name"":""range_eu_uk"",""is_editable"":false,""is_required"":false,""is_row_span"":false,""is_sortable"":true,""sub_headers"":[],""is_aggregated"":false,""is_searchable"":true,""aggregate_type"":"""",""order_of_display"":7},{""type"":""str"",""extra"":{""columnGroupShow"":""open"",""enableColumnExpand"":true},""label"":""Range AUSNZ"",""width"":200,""footer"":"""",""dimension"":""NA"",""formatter"":"""",""is_frozen"":false,""is_hidden"":false,""column_name"":""range_au_nz"",""is_editable"":false,""is_required"":false,""is_row_span"":false,""is_sortable"":true,""sub_headers"":[],""is_aggregated"":false,""is_searchable"":true,""aggregate_type"":"""",""order_of_display"":8},{""type"":""str"",""extra"":{""columnGroupShow"":""open"",""enableColumnExpand"":true},""label"":""Range Asia"",""width"":200,""footer"":"""",""dimension"":""NA"",""formatter"":"""",""is_frozen"":false,""is_hidden"":false,""column_name"":""range_asia"",""is_editable"":false,""is_required"":false,""is_row_span"":false,""is_sortable"":true,""sub_headers"":[],""is_aggregated"":false,""is_searchable"":true,""aggregate_type"":"""",""order_of_display"":9},{""type"":""str"",""extra"":{""columnGroupShow"":""open"",""enableColumnExpand"":true},""label"":""Range Africa"",""width"":200,""footer"":"""",""dimension"":""NA"",""formatter"":"""",""is_frozen"":false,""is_hidden"":false,""column_name"":""range_africa"",""is_editable"":false,""is_required"":false,""is_row_span"":false,""is_sortable"":true,""sub_headers"":[],""is_aggregated"":false,""is_searchable"":true,""aggregate_type"":"""",""order_of_display"":10}],""is_aggregated"":false,""is_searchable"":false,""aggregate_type"":"""",""tc_mapping_code"":5512364,""order_of_display"":1}]}",133,FALSE,
4118,vendor_projection_report_dc_size,APPLICATION,client_specific_columns_dc_size,TRUE,"{""value"":[{""type"":""str"",""extra"":{},""label"":""DC Name"",""width"":160,""footer"":"""",""dimension"":""NA"",""formatter"":"""",""is_frozen"":true,""is_hidden"":false,""column_name"":""dc_name"",""is_editable"":false,""is_required"":false,""is_row_span"":false,""is_sortable"":false,""sub_headers"":[],""is_aggregated"":false,""is_searchable"":true,""aggregate_type"":"""",""order_of_display"":1}]}",133,FALSE,
4119,vendor_projection_report_filters,APPLICATION,vendor_projection_report_filters,TRUE,"{""value"": [""l1_name"",""l2_name"",""l3_name"",""l4_name"", ""style_name"", ""vendor"", ""range_usa"",""range_eu_uk"",""range_au_nz"",""range_asia"",""range_africa"",""ordering""]}",133,FALSE,
4120,inv_oms_be_config,APPLICATION,OMS BE configuration,TRUE,"{""downstream_service"": ""gcs""}",1,FALSE,
4121,inv_oms_channel_info_config,APPLICATION,OMS role configuration,TRUE,"{""type"": ""str"", ""extra"": {}, ""label"": ""DC"", ""width"": 200, ""footer"": null, ""tc_code"": 351, ""dimension"": ""Product Mapping"", ""formatter"": null, ""is_frozen"": true, ""is_hidden"": false, ""is_deleted"": false, ""column_name"": ""channel"", ""is_editable"": false, ""is_required"": false, ""is_row_span"": false, ""is_sortable"": false, ""sub_headers"": [], ""is_aggregated"": false, ""is_searchable"": false, ""aggregate_type"": null, ""is_master_group"": false, ""tc_mapping_code"": ""5512364"", ""order_of_display"": 0.9}",1,FALSE,
4122,inv_oms_matrix_header_config,APPLICATION,OMS matrix header configuration,TRUE,"{""value"": ""false""}",1,FALSE,
4123,inv_oms_safety_stock_graph_data_config,APPLICATION,OMS Safety Stock Graph Configuration,TRUE,"{""is_custom_query"": ""true""}",1,FALSE,
4124,inv_oms_approval_cross_filter,APPLICATION,OMS Approval Cross Filter Configuration,TRUE,"{""is_custom_query"": ""true""}",1,FALSE,
4125,inv_oms_vendor_constraint_size_column,APPLICATION,OMS Size Filter Configuration,TRUE,"{""column_name"": ""l4_name""}",1,FALSE,