role_code,action_code,is_superuser,module_code,id
4,"{1,2,3,4}",FALSE,"{1,2,3,4,5,6,7,8,9,10,11,12,13,14,10171,15,16,17,18,19,20,21,22,23,24,25,26,27,28,29,30,31,32,33,34,35,36,37,38,41,42,43,44,45,49,50,51,52,53,55,56,108,111,112,113,114,115,116,170,171,125,10001,1074,1075,170,171,176,196,10008,10009,10010,10013,10014,10015,10170,156,7004}",1
5,"{1,2,3}",FALSE,"{1,2,3,4,5,6,7,8,9,10,11,10171,12,13,14,15,10170,16,17,18,19,20,21,22,23,24,25,26,27,28,29,30,31,32,33,34,35,36,37,38,41,42,43,44,45,49,50,51,52,55,56,10001,1074,1075,170,171,196,156,7004}",2
3,{4},FALSE,"{1,2,3,4,5,6,7,8,9,10,11,12,10171,13,14,10170,15,16,17,18,19,20,21,22,23,24,25,26,27,28,29,30,31,32,33,34,35,36,37,38,41,42,43,44,45,49,50,51,52,55,56,400,401,402,403,404,405,10001,1074,1075,170,171,196,156,7004}",3
1,"{1,2,3}",FALSE,"{1,2,3,4,5,6,7,8,9,10,11,12,13,14,108,10171,15,16,17,18,19,20,21,22,23,24,25,26,27,28,29,30,31,10170,37,38,41,42,43,44,45,49,50,51,52,55,56,400,401,402,403,404,405,10001,1074,1075,170,171,176,196,156,7004}",4
1,{5},FALSE,"{32,33,34,35,36,128,131,132,135,169,194,195,196,8080}",5
2,{5},TRUE,"{33,34,35,36,128,131,132,135,169,194,195,196,8080}",6
2,"{1,2,3,4,5}",TRUE,"{1,2,3,4,5,6,7,8,9,10,11,12,13,14,15,16,17,18,19,20,21,22,23,24,25,26,27,28,29,30,31,32,37,38,41,42,43,45,49,50,51,52,53,55,56,111,112,113,114,115,116,125,170,171,172,173,175,176,196,400,401,402,403,404,405,1074,1075,10001,10008,10009,10010,10013,10014,10015,10116,10170,10171,406,407,408,409,410,411,412,413,414,415,416,417,418,419,420,421,422,423,424,425,426,427,428,1399,47,46,156,7004}",7
3,{5},TRUE,{8080},8
4,{5},TRUE,{8080},9
5,{5},TRUE,{8080},10