"role_code","action_code","is_superuser","module_code","id"
14,"{1,2,3,4,5}",false,"{9001,9002,9003,9004,9005,9006,9007,9008,9009,9010,9011,9012,9013,9014,9015,9016,9017,9021,9022,9024}",1
15,"{2,5}",false,"{9001,9002,9003,9004,9005,9006,9007,9008,9009,9010,9011,9012,9013,9014,9015,9016,9017,9021,9022,9024}",2
16,{5},false,"{9001,9002,9003,9004,9005,9006,9007,9008,9009,9010,9011,9012,9013,9014,9015,9016,9017,9021,9022,9024,70,10003,10008,10009,10010}",3
15,"{3,5}",false,"{9001,9002,9003,9004,9005,9006,9007,9008,9009,9010,9011,9012,9013,9014,9015,9016,9017,9021,9022,9024}",4
16,{5},false,"{9001,9002,9003,9004,9005,9006,9007,9008,9009,9010,9011,9012,9013,9014,9015,9016,9017,9021,9022,9024}",5
14,"{1,2,3,4,5}",false,"{9001,9002,9003,9004,9005,9006,9007,9008,9009,9010,9011,9012,9013,9014,9015,9016,9017,9021,9022,9024,70,10003,10008,10009,10010}",6
30,"{5,7}",true,"{7,8,9,15,17,18,19,21,23,26,27,40,41,42,43,43,44,56,70,83,101,194,195,8000,10000,10001,10008,10009,10200,10201,201,202,203,204,205,208,209,215,299,206,207,235,236,1203,44001}",7
33,"{1,2,3,5}",false,"{7,8,9,15,17,18,19,21,23,26,27,40,41,42,43,43,44,56,70,83,101,194,195,8000,10000,10001,10008,10009,10200,10201}",8
34,"{1,2,3,4,5}",false,"{7,8,9,17,18,19,23,26,27,41,42,43,43,44,56,70,83,101,194,195,10001,10008,10009,10200,10201}",9
32,"{1,2,3,5}",false,"{7,8,9,15,17,18,19,21,23,26,27,40,41,42,43,43,44,56,70,83,101,194,195,8000,10000,10001,10008,10009,10200,10201}",10
34,{5},false,"{15,21,40,8000,10000}",11
32,"{1,2,5,8,9,10}",false,"{405,402,404,407,408,406}",12
5,"{1,2,3}",false,"{201,202,203,204,205,206,207,208,209,215,299,236,235}",13
6,"{1,2,3,5}",false,"{34,35,36,37,38,39,40,10001,409,44001}",14
6,{5},false,"{405,44001}",16
6,"{1,2,3,4,5,7,8,9,10}",false,"{201,202,203,204,205,208,209,215,299,206,207,235,236,406,407,408,409,402,404,401,1203,44001}",18
2,"{1,2,3,4,5}",true,"{1399,1400,1401,1402,1403,1404,1405,1406,1407,1408,1409,1410,1411,1412,1413,1414,1415,1420,1421,1422,901,44001}",20
2,"{1,2,3,4,5,7,8,9,10}",true,"{1,2,3,4,5,6,7,8,9,10,11,12,13,14,15,16,17,18,19,20,21,22,23,24,25,26,27,28,29,30,31,32,33,34,35,36,37,38,39,40,41,42,43,44,45,46,47,48,49,50,51,52,53,56,65,66,67,68,69,70,83,100,101,102,103,104,105,106,107,108,116,172,173,194,195,201,202,203,204,205,206,207,208,209,214,215,235,236,299,400,401,402,404,405,406,407,408,409,901,1203,5000,7001,7004,8000,9001,9002,9003,9004,9005,9006,9007,9008,9010,9011,9012,9013,9014,9015,9016,9017,9021,9022,9024,10000,10001,10003,10008,10009,10010,10011,10015,10016,10017,10071,10200,10201,10401,10403,10404,10405,10406,10407,10408,10409,10410,14500,1399,1400,1401,1402,1403,1404,1405,1406,1407,1408,1409,1410,1411,1412,1413,1414,1415,1420,1421,1422,44001,10020,10021}",21
25,{5},false,"{1399,1400,1401,1402,1403,1404,1405,1406,1407,1408,1409,1410,1411,1412,1413,1414,1415,1417,1418,1420,1421,1422,1423}",22
26,"{1,2,3,4,5}",true,"{1399,1400,1401,1402,1403,1404,1405,1406,1407,1408,1409,1410,1411,1412,1413,1414,1415,1417,1418,1420,1421,1422,1423}",23
27,"{1,3,4,5}",false,"{1399,1400,1401,1402,1403,1404,1405,1406,1407,1408,1409,1410,1411,1412,1413,1414,1415,1417,1418,1420,1421,1422,1423}",24