fc_code,name,screens,is_deleted,created_at,updated_at,created_by,updated_by,special_classification,description,application,dimensions
10002,ADA Visual,{52},FALSE,2022-10-07 12:04:15.003 +0530,2022-10-07 18:20:59.314 +0530,251,251,,,11,
10004,Store Status,{7},FALSE,2021-09-22 21:52:58.443 +0530,2022-05-10 18:43:54.859 +0530,251,251,,,,{store}
168,Dc Status new config,"{22,12}",FALSE,2022-07-22 11:59:49.577 +0530,2022-07-22 12:01:01.485 +0530,251,251,,,,{}
143,dc-store,"{17,10201}",FALSE,2022-04-27 23:05:46.218 +0530,2022-04-27 23:05:46.241 +0530,251,251,,,1,"{product,store}"
153,dc-product,"{20,10200}",FALSE,2022-06-07 16:28:00.288 +0530,2022-11-16 01:32:17.352 +0530,251,251,,,1,"{product,store}"
166,Product Profile Filters,{49},FALSE,2022-07-21 13:10:18.765 +0530,2022-10-25 16:38:13.377 +0530,251,251,,,,
167,Create Product Profile,{50},FALSE,2022-07-21 13:11:09.668 +0530,2022-07-21 13:11:09.686 +0530,251,251,,,,
211,ps mapping rules list,{251},FALSE,2024-11-05 11:11:44.088 +0530,2024-11-05 11:11:44.088 +0530,251,251,,,1,"{product,store}"
215,ps mapping modify rules,{252},FALSE,2024-11-20 10:37:25.707 +0530,2024-11-20 10:37:25.707 +0530,251,251,,,,
1,Rules Constraints,{316},FALSE,2022-07-11 12:20:40.178 +0530,2022-07-11 12:20:40.178 +0530,251,251,,,,
501,ticket_filter,"{301,315}",FALSE,2024-07-02 15:06:35.050 +0530,2024-07-02 15:06:35.050 +0530,251,251,,,,
10019,Rules Constraint Filters,{316},FALSE,2024-02-22 14:39:44.666 +0530,2024-02-22 14:39:44.666 +0530,251,251,,,,{}
10020,Exception Filters,{317},FALSE,2024-02-28 15:51:08.944 +0530,2024-02-28 15:51:08.944 +0530,251,251,,,,"{""""}"
10151,Add Exception Product List Filters,{322},FALSE,2024-11-15 14:39:44.666 +0530,2024-11-15 14:39:44.666 +0530,251,251,,,,{}
10150,Add Exception Store Filters,{320},FALSE,2024-04-17 19:00:59.517 +0530,2024-04-17 19:00:59.517 +0530,251,251,,,,{}
10075,DC-Store-Policy-Strategy Filters,{325},FALSE,2024-11-14 13:50:41.883 +0530,2024-11-14 13:50:41.883 +0530,251,251,,,,
178,Inventorysmart Constraints User Reserve,{83},FALSE,2022-07-11 12:20:40.178 +0530,2022-07-11 12:20:40.178 +0530,251,251,,,,
200,Product Profile User Filters,{64},FALSE,2024-04-03 21:25:13.085 +0530,2024-04-03 21:25:13.085 +0530,251,251,,,,
179,inventory_smart_store_group,{9},FALSE,2022-05-17 12:37:11.038 +0530,2022-05-17 12:37:11.038 +0530,251,251,,,1,"{product,store}"
134,Product Group,{8},FALSE,2022-04-08 06:06:59.851 +0530,2022-04-08 06:06:59.861 +0530,251,251,,,1,"{product,store}"
10152,Excess Inventory Reports Filters,{323},FALSE,2024-02-22 14:39:44.666 +0530,2024-02-22 14:39:44.666 +0530,251,251,,,,{}
165,InventorySmartDashboard,{51},FALSE,2024-12-03 11:00:19.961 +0530,2024-12-03 11:00:19.961 +0530,251,251,,,,{}
280,Add User Fields,{300},FALSE,2023-03-01 15:20:59.849 +0530,2023-03-01 15:20:59.849 +0530,251,251,,,,{}
177,inventorysmart_view_past_allocations,{63},FALSE,2024-12-05 18:23:01.346 +0530,2024-12-05 18:23:01.346 +0530,251,251,,,,
10070,Report Lost Sales Filters,{321},FALSE,2024-05-08 19:36:24.744 +0530,2024-05-08 19:36:24.744 +0530,251,251,,,,
10153,Inventorysmart Daily Allocation Reports,{80},FALSE,2024-05-02 12:16:38.828 +0530,2024-05-02 12:16:38.828 +0530,251,251,,,,
164,Allocation,{55},FALSE,2022-07-05 14:41:57.399 +0530,2022-07-05 14:41:57.399 +0530,251,251,,,,
10154,inventorysmart_store_stock_drill_down,{71},FALSE,2022-08-10 14:29:23.243 +0530,2022-08-10 14:29:25.122 +0530,251,251,,,1,"{product,store}"
86,store mapping,{6},FALSE,2021-10-04 08:46:16.372 +0530,2022-12-06 17:21:43.948 +0530,251,251,,,,{}
176,inventorysmart_reportings,{62},FALSE,2025-01-01 14:29:23.243 +0530,2025-01-01 14:29:25.122 +0530,251,251,,,,
218,New Rule Product Filters,{258},FALSE,2024-02-28 15:51:08.944 +0530,2024-02-28 15:51:08.944 +0530,251,251,,,,{}
172,Product Status,{5},FALSE,2024-09-06 12:48:54.349 +0530,2024-09-06 12:48:54.349 +0530,251,251,,,,{product}
10005,Product Status,{5},FALSE,2024-09-06 12:48:54.349 +0530,2024-09-06 12:48:54.349 +0530,251,251,,,1,"{product,store}"
112,asa,"{4,10,14,12,22,24}",FALSE,2022-04-05 11:45:34.103 +0530,2022-05-25 13:29:48.873 +0530,251,251,,,1,"{store,product}"