role_code,action_code,is_superuser,module_code,id
14,"{1,2,3,4,5}",FALSE,"{9001,9002,9003,9004,9005,9006,9007,9008,9009,9010,9011,9012,9013,9014,9015,9016,9017,9021,9022,9024,117,112,118,113,115,93,56,10004,45,150,974,96}",1
15,"{2,5}",FALSE,"{9001,9002,9003,9004,9005,9006,9007,9008,9009,9010,9011,9012,9013,9014,9015,9016,9017,9021,9022,9024,150}",2
16,"{5}",FALSE,"{9001,9002,9003,9004,9005,9006,9007,9008,9009,9010,9011,9012,9013,9014,9015,9016,9017,9021,9022,9024,70,10003,10008,10009,10010,150,974}",3
15,"{3,5}",FALSE,"{9001,9002,9003,9004,9005,9006,9007,9008,9009,9010,9011,9012,9013,9014,9015,9016,9017,9021,9022,9024,150}",4
14,"{1,2,3,4,5}",FALSE,"{9001,9002,9003,9004,9005,9006,9007,9008,9009,9010,9011,9012,9013,9014,9015,9016,9017,9021,9022,9024,70,10003,10008,10009,10010,117,112,118,113,115,93,56,10004,45,150}",5
2,"{1,2,3,5}",TRUE,"{1,2,3,4,5,6,7,8,9,10,11,12,13,14,15,16,17,18,19,20,21,22,23,24,25,26,27,28,29,30,31,32,33,34,35,36,37,38,39,40,41,42,43,44,45,49,50,51,52,53,56,70,73,83,93,100,101,102,103,104,105,106,107,108,112,113,115,116,117,118,172,173,194,195,203,236,400,401,402,403,404,405,5000,9001,9002,9003,9004,9005,9006,9007,9008,9009,9010,9011,9012,9013,9014,9015,9016,9017,9021,9022,9024,10000,10001,10003,10004,10008,10009,10010,10011,10016,10017,10071,10200,10201,45,150,973,345,974,96}",6
2,"{5}",TRUE,"{7,8,9,15,17,18,19,21,23,26,27,40,41,42,43,43,44,55,56,70,83,101,194,195,8000,10000,10001,10008,10009,10200,10201,65,67,68,69,89,71,72,73,74,75,76,77,78,79,80,81,82,83,84,85,86,87,88,112,117,203,118,113,45,973,345,974,96}",7
30,"{5}",TRUE,"{7,8,9,15,17,18,19,21,23,26,27,40,41,42,43,43,44,55,56,70,83,101,194,195,8000,10000,10001,10008,10009,10200,10201,201,202,203,204,205,208,299,206,207,235,236,150,973,345,974,96}",8
33,"{1,2,3,5}",FALSE,"{7,8,9,15,17,18,19,21,23,26,27,40,41,42,43,43,44,55,56,70,83,101,194,195,8000,10000,10001,10008,10009,10200,10201,93,150}",9
34,"{1,2,3,4,5}",FALSE,"{7,8,9,17,18,19,23,26,27,41,42,43,43,44,55,56,70,83,101,194,195,10001,10008,10009,10200,10201,117,112,118,113,115,93,150,96}",10
32,"{1,2,3,5}",FALSE,"{7,8,9,15,17,18,19,21,23,26,27,40,41,42,43,43,44,55,56,70,83,101,194,195,8000,10000,10001,10008,10009,10200,10201,56,150}",11
34,"{5}",FALSE,"{15,21,40,8000,10000,150}",12
4,"{1,2,3,4,5}",FALSE,"{1,2,3,4,5,6,7,8,9,10,11,12,13,14,15,16,17,18,19,20,21,22,23,24,25,26,27,28,29,30,31,32,33,34,35,36,37,38,39,40,41,42,43,44,45,46,47,48,49,50,51,53,55,70,100,101,102,103,104,105,106,107,108,109,110,116,170,171,172,173,174,175,194,195,201,202,203,204,205,206,207,208,11003,10001,1399,10116,400,401,402,403,404,405,406,407,408,409,410,411,412,413,414,415,416,417,418,419,420,421,422,423,424,426,427,428,7001,7002,10008,10009,10010,10011,10013,699,10014,10015,10017,10170,10171,10016,236,117,112,118,113,115,93,56,10004,150,973,345,974,96}",13
6,"{1,2,3,5}",FALSE,"{34,35,36,37,38,39,40,10001,236,93,56,10004,150,973,345,974,96}",14
2,"{4}",FALSE,"{201,202,203,204,205,208,299,206,207,235,236,112,150,96}",15
5,"{1,2,3}",FALSE,"{201,202,203,204,205,208,299,206,207,235,236,150}",16
6,"{5}",FALSE,"{201,202,203,204,205,208,299,206,207,235,236,65,67,68,69,89,71,72,73,74,75,76,77,78,79,80,81,82,83,84,85,86,87,88,93,56,10004,45,150,973,345,974,96}",17
5,"{5}",FALSE,"{65,67,68,69,89,71,72,73,74,75,76,77,78,79,80,81,82,83,84,85,86,87,88,93,150}",18
