"id","display_label","remarks","kpi_id"
151,Test3,,415
152,ARUN,,418
153,test 2,,416
36,test flow,,415
37,test flow 2,,415
30,W AUC,Just a refrence name,415
38,flow 3,,415
39,Test Flow,,415
40,wrtn_sales_build_ratio,,415
41,wrtn_comp_spread_per,,416
42,wrtn_comp_sales,,417
43,wrtn_non_comp_sales,,418
44,wrtn_qty_build_ratio,,419
45,wrtn_air,,420
46,wrtn_imu_per,,421
47,wrtn_auc,,422
48,wrtn_margin,,423
49,wrtn_cost,,424
50,wrtn_cncl_retail_per,,425
51,wrtn_cncl_units_per,,426
52,wrtn_cncl_cost_per,,427
53,non_dlvd_sales,,428
54,wgt_age_non_dlvd_sales,,429
55,fct_dlvd_sales,,430
56,non_dlvd_qty,,431
57,wgt_age_non_dlvd_units,,432
58,fct_dlvd_qty,,433
59,non_dlvd_cost,,434
60,wgt_age_non_dlvd_cost,,435
61,fct_dlvd_cost,,436
62,dlvd_sales_adj_fctr,,437
63,dlvd_sales_build_ratio,,438
64,dlvd_qty_build_ratio,,439
65,dlvd_air,,440
66,dlvd_cost,,441
67,per_rcpt_units_stk_unplaced,,490
68,oo_auc_ttl_placed,,491
69,oo_auc_stk_placed,,492
70,oo_auc_spo_placed,,493
71,oo_auc_ttl_unplaced,,494
72,oo_auc_stk_unplaced,,495
73,oo_auc_spo_unplaced,,496
74,adj_auc,,497
75,bop_cost,,498
76,bop_units,,499
77,wrtn_sales,,500
78,wrtn_qty,,501
79,wrtn_dcnt_per,,502
80,wrtn_aur,,503
81,wrtn_margin_per,,504
82,wrtn_back_order_sales,,505
83,wrtn_back_order_qty,,506
84,wrtn_cancel_sales,,507
85,wrtn_cancel_units,,508
86,wrtn_cancel_cost,,509
87,dlvd_sales,,510
88,dlvd_qty,,511
89,dlvd_dcnt_per,,512
90,dlvd_aur,,513
91,dlvd_margin_per,,514
92,dlvd_return_sales,,515
93,dlvd_return_units,,516
94,dlvd_return_cost,,517
95,total_rcpt_cost,,518
96,total_rcpt_units,,519
97,adj_cost,,520
98,adj_cost_per,,521
99,adj_units,,522
100,adj_units_per,,523
101,dlvd_auc,,442
102,dlvd_margin,,443
103,dlvd_gmroi,,444
104,dlvd_rtrn_retail_per,,445
105,dlvd_rtrn_units_per,,446
106,dlvd_return_cost_per,,447
107,net_bop_auc,,448
108,aoh_units,,449
109,aoh_cost,,450
110,aoh_fwos_units,,451
111,aoh_fwos_cost,,452
112,atp_units,,453
113,atp_fwos_units,,454
114,atp_cost,,455
115,atp_fwos_cost,,456
116,net_eop_units,,457
117,net_eop_cost,,458
118,net_eop_auc,,459
119,eop_cost_op,,460
120,eop_cost_lf,,461
121,otb_op,,462
122,otb_lf,,463
123,avg_inv_units,,464
124,avg_inv_cost,,465
125,turn_units,,466
126,turn_cost,,467
127,stk_rcpt_cost,,468
128,spo_rcpt_cost,,469
129,rcpt_cost_per_stk,,470
130,stk_rcpt_units,,471
131,spo_rcpt_units,,472
132,rcpt_units_per_stk,,473
133,total_rcpt_auc,,474
134,stk_rcpt_auc,,475
135,spo_rcpt_auc,,476
136,oo_cost_ttl_placed,,477
137,oo_cost_stk_placed,,478
138,oo_cost_spo_placed,,479
139,oo_cost_ttl_unplaced,,480
140,oo_cost_stk_unplaced,,481
141,oo_cost_spo_unplaced,,482
142,per_rcpt_cost_stk_unplaced,,483
143,oo_units_ttl_placed,,484
144,oo_units_stk_placed,,485
145,oo_units_spo_placed,,486
146,oo_units_ttl_unplaced,,487
147,oo_units_stk_unplaced,,488
148,oo_units_spo_unplaced,,489
149,abcde,,415
150,test flow 5,,415
