"id","quick_filter_id","label_key","label_display_name","filter_type","label_value","display_order","is_active","config"
1,1,offer_name,Offer Name,COLUMN,,1,true,"{}"
2,1,event_name,Event Name,COLUMN,,2,true,"{}"
3,4,draft,Draft,ROW,Draft,1,true,"{}"
4,4,finalized,Finalized,ROW,Finalized,2,true,"{}"
104,66,store_group_name,Group Name,column,,1,true,"{}"
105,66,store_group_description,Description,column,,2,true,"{}"
106,66,s0_name,Country,column,,3,true,"{}"
107,66,s2_name,Region,column,,4,true,"{}"
108,67,created_by_user,Created By,column,,1,true,"{}"
109,67,created_at,Created On,column,,2,true,"{}"
110,67,modified_by_user,Modified By,column,,3,true,"{}"
111,67,modified_at,Modified On,column,,4,true,"{}"
112,68,product_group_name,Group Name,column,,1,true,"{}"
113,68,product_group_description,Description,column,,2,true,"{}"
114,68,product_group_type,Product Group Type,column,,3,true,"{}"
115,68,l0_name,Brand,column,,4,true,"{}"
116,68,l1_name,Division,column,,5,true,"{}"
117,68,l2_name,Department,column,,6,true,"{}"
118,69,created_by_user,Created By,column,,1,true,"{}"
119,69,created_at,Created On,column,,2,true,"{}"
120,69,modified_by_user,Modified By,column,,3,true,"{}"
121,69,modified_at,Modified On,column,,4,true,"{}"
122,70,report_level,Report Level,column,,1,true,"{}"
123,70,offer_name,Offer Name,column,,2,true,"{}"
124,70,event_name,Event Name,column,,3,true,"{}"
125,70,brand,Brand,column,,4,true,"{}"
126,70,division,Division,column,,5,true,"{}"
127,70,department,Department,column,,6,true,"{}"
128,70,country,Country,column,,7,true,"{}"
129,70,channel,Channel,column,,8,true,"{}"
130,71,actual_st_percent,Actual ST%,column,,1,true,"{}"
131,71,actual_discount,Actual Discount,column,,2,true,"{}"
132,71,actual_bop_inventory,Actual BOP Inventory,column,,3,true,"{}"
133,72,offer_name,Offer Name,column,,1,true,"{}"
134,72,event_name,Event Name,column,,2,true,"{}"
135,72,start_date,Start Date,column,,3,true,"{}"
136,72,end_date,End Date,column,,4,true,"{}"
137,73,incremental_margin,Incremental Margin,column,,1,true,"{}"
138,73,incremental_sales,Incremental Sales,column,,2,true,"{}"
139,73,actual_sales,Actual Sales,column,,3,true,"{}"
140,73,actual_unit,Actual Units,column,,4,true,"{}"
141,74,product_id,SKU ID,column,,1,true,"{}"
142,74,product_name,Description,column,,2,true,"{}"
143,74,promo_base_price,Base Retail,column,,3,true,"{}"
144,74,cost,Cost,column,,4,true,"{}"
145,75,finalized_revenue,Finalized Revenue,column,,1,true,"{}"
146,75,actual_revenue,Actual Revenue,column,,2,true,"{}"
147,75,finalized_units,Finalized Units,column,,3,true,"{}"
148,75,actual_units,Actual Units,column,,4,true,"{}"
149,76,product_id,SKU Code,column,,1,true,"{}"
150,76,product_name,SKU Name,column,,2,true,"{}"
151,76,current_price,Price,column,,3,true,"{}"
152,76,cost,Cost,column,,4,true,"{}"
153,77,actual_units,Actualized Units,column,,1,true,"{}"
154,77,finalized_units,Finalized Units,column,,2,true,"{}"
155,77,actual_revenue,Actualized Revenue,column,,3,true,"{}"
156,77,finalized_revenue,Finalized Revenue,column,,4,true,"{}"
170,81,product_id,SKU ID,column,,1,true,"{}"
171,81,product_description,Description,column,,2,true,"{}"
172,81,promo_base_price,List Price,column,,3,true,"{}"
173,81,cost,Cost,column,,4,true,"{}"
174,81,launch_price,Launch Price,column,,5,true,"{}"
175,82,store_id,Store ID,column,,1,true,"{}"
176,82,store_name,Store Name,column,,2,true,"{}"
177,83,s0_name,S0,column,,1,true,"{}"
178,83,s1_name,S1,column,,2,true,"{}"
179,83,s2_name,S2,column,,3,true,"{}"
230,114,dd_metric_groups,Metric Groups,column_group,,0,true,"{""mode"": ""existing"", ""columnGroups"": [{""label"": ""Clearance Discount %"", ""value"": ""clearance_discount""}, {""label"": ""Margin"", ""value"": ""margin""}, {""label"": ""Sales Units"", ""value"": ""sales_units""}, {""label"": ""Revenue"", ""value"": ""revenue""}, {""label"": ""Sell Through"", ""value"": ""sell_through""}, {""label"": ""Markdown $"", ""value"": ""markdown_dollar""}, {""label"": ""Inventory"", ""value"": ""inventory""}, {""label"": ""GM%"", ""value"": ""gm_percent""}, {""label"": ""AUR"", ""value"": ""aur""}]}"
231,115,dd_base_cols,Strategy Details,column,,0,true,"{""columns"": [{""label"": ""Strategy Name"", ""value"": ""strategy_name""}, {""label"": ""Alerts"", ""value"": ""alert_count""}, {""label"": ""Date Range"", ""value"": ""date_range""}, {""label"": ""Product Count"", ""value"": ""products_count""}, {""label"": ""Store Count"", ""value"": ""stores_count""}]}"
232,116,products_metric_groups,Metric Groups,column_group,,0,true,"{""mode"": ""existing"", ""columnGroups"": [{""label"": ""Clearance Discount %"", ""value"": ""clearance_discount""}, {""label"": ""Margin"", ""value"": ""margin""}, {""label"": ""Sales Units"", ""value"": ""sales_units""}, {""label"": ""Revenue"", ""value"": ""revenue""}, {""label"": ""Sell Through"", ""value"": ""sell_through""}, {""label"": ""Markdown $"", ""value"": ""markdown_dollar""}, {""label"": ""Inventory"", ""value"": ""inventory""}, {""label"": ""GM%"", ""value"": ""gm_percent""}, {""label"": ""AUR"", ""value"": ""aur""}]}"
233,117,products_base_cols,Product Details,column,,0,true,"{""columns"": [{""label"": ""Customer Choice ID"", ""value"": ""product_id""}, {""label"": ""Product Description"", ""value"": ""product_name""}, {""label"": ""Strategy"", ""value"": ""strategy_name""}]}"
234,118,approval_metric_groups,Metric Groups,column_group,,0,true,"{""mode"": ""existing"", ""columnGroups"": [{""label"": ""Discount %"", ""value"": ""discount_perc""}, {""label"": ""Previous PCD %"", ""value"": ""prev_pcd_perc""}, {""label"": ""PCD Price"", ""value"": ""pcd_price""}, {""label"": ""Previous PCD Price"", ""value"": ""prev_pcd_price""}, {""label"": ""Sales Units"", ""value"": ""sales_units""}, {""label"": ""Revenue"", ""value"": ""revenue""}, {""label"": ""Margin"", ""value"": ""margin""}, {""label"": ""GM %"", ""value"": ""gm_perc""}, {""label"": ""Sell Through"", ""value"": ""sell_through""}, {""label"": ""Markdown $"", ""value"": ""markdown_dollar""}, {""label"": ""Inventory"", ""value"": ""inventory""}]}"
235,119,approval_strategy_cols,Strategy Info,column,,0,true,"{""columns"": [{""label"": ""Strategy Name"", ""value"": ""strategy_name""}, {""label"": ""PCD Start Date"", ""value"": ""pcd_start_date""}, {""label"": ""PCD End Date"", ""value"": ""pcd_end_date""}, {""label"": ""PCD Number"", ""value"": ""pcd_number""}, {""label"": ""Product Level Reco"", ""value"": ""product_level_value""}, {""label"": ""Store Level Reco"", ""value"": ""store_level_value""}, {""label"": ""Channel"", ""value"": ""channel_info""}, {""label"": ""Age"", ""value"": ""age""}, {""label"": ""Brand"", ""value"": ""brand""}, {""label"": ""Department"", ""value"": ""dept""}, {""label"": ""Class"", ""value"": ""class""}, {""label"": ""Base Price"", ""value"": ""base_price""}, {""label"": ""Updated At"", ""value"": ""updated_at""}]}"
236,120,price_status,Price Status,row,,0,true,"{""source"": ""manual"", ""values"": [{""label"": ""Approved"", ""value"": ""Approved""}, {""label"": ""Initially Approved"", ""value"": ""Initially Approved""}, {""label"": ""Finally Approved"", ""value"": ""Finally Approved""}, {""label"": ""Accepted IA reco"", ""value"": ""Accepted IA reco""}, {""label"": ""No Action"", ""value"": ""No Action""}, {""label"": ""Withdrawn"", ""value"": ""Withdrawn""}, {""label"": ""Declined"", ""value"": ""Declined""}], ""filterField"": ""status""}"
237,120,action_status,Action Status,row,,1,true,"{""source"": ""manual"", ""values"": [{""label"": ""Approved"", ""value"": ""Approved""}, {""label"": ""Initially Approved"", ""value"": ""Initially Approved""}, {""label"": ""Finally Approved"", ""value"": ""Finally Approved""}, {""label"": ""Accepted IA reco"", ""value"": ""Accepted IA reco""}, {""label"": ""No Action"", ""value"": ""No Action""}, {""label"": ""Withdrawn"", ""value"": ""Withdrawn""}, {""label"": ""Declined"", ""value"": ""Declined""}], ""filterField"": ""action_status""}"
247,124,wb_strategy_info,Strategy Info,column,,0,true,"{""columns"": [{""label"": ""MD Strategy Name"", ""value"": ""strategy_name""}, {""label"": ""Versions"", ""value"": ""version_number""}, {""label"": ""Status"", ""value"": ""status""}, {""label"": ""Start Date"", ""value"": ""start_date""}, {""label"": ""End Date"", ""value"": ""end_date""}, {""label"": ""Products"", ""value"": ""products""}, {""label"": ""Stores"", ""value"": ""stores""}]}"
248,125,wb_targets,Targets,column,,0,true,"{""columns"": [{""label"": ""ST Target"", ""value"": ""sell_through_target""}, {""label"": ""GM % Target"", ""value"": ""gm_percent_target""}, {""label"": ""Margin Target"", ""value"": ""gm_dollar_target""}, {""label"": ""Units Target"", ""value"": ""sales_units_target""}, {""label"": ""Revenue Target"", ""value"": ""revenue_target""}]}"
249,125,wb_priorities,Priorities,column,,1,true,"{""columns"": [{""label"": ""ST Priority"", ""value"": ""sell_through_priority""}, {""label"": ""GM % Priority"", ""value"": ""gm_percent_priority""}, {""label"": ""Margin Priority"", ""value"": ""gm_dollar_priority""}, {""label"": ""Units Priority"", ""value"": ""sales_units_priority""}, {""label"": ""Revenue Priority"", ""value"": ""revenue_priority""}]}"
250,126,wb_metrics,Performance Metrics,column,,0,true,"{""columns"": [{""label"": ""Sales Units"", ""value"": ""sales_units""}, {""label"": ""Revenue $"", ""value"": ""revenue""}, {""label"": ""Margin $"", ""value"": ""margin""}, {""label"": ""Markdown $"", ""value"": ""markdown_spend""}]}"
251,127,wb_status,Strategy Status,row,,0,true,"{""source"": ""manual"", ""values"": [{""label"": ""Draft"", ""value"": ""Draft""}, {""label"": ""Pending Review"", ""value"": ""Pending Review""}, {""label"": ""Processing"", ""value"": ""Processing""}, {""label"": ""Active"", ""value"": ""Active""}, {""label"": ""Finalised"", ""value"": ""Finalised""}, {""label"": ""Initially Approved"", ""value"": ""Initially Approved""}, {""label"": ""Completed"", ""value"": ""Completed""}, {""label"": ""Archived"", ""value"": ""Archived""}, {""label"": ""Discarded"", ""value"": ""Discarded""}, {""label"": ""Stopped"", ""value"": ""Stopped""}], ""filterField"": ""status""}"
252,128,pcd_config_cols,Config Details,column,,0,true,"{""columns"": [{""label"": ""Config Name"", ""value"": ""config_name""}, {""label"": ""Type"", ""value"": ""pcd_type""}, {""label"": ""Days"", ""value"": ""total_days""}, {""label"": ""Repeat / Start Day"", ""value"": ""on_day""}, {""label"": ""Created By"", ""value"": ""created_by_user""}, {""label"": ""Created On"", ""value"": ""created_at""}]}"
253,129,pcd_type,Calendar Type,row,,0,true,"{""source"": ""manual"", ""values"": [{""label"": ""Frequency"", ""value"": ""Frequency""}, {""label"": ""Custom"", ""value"": ""Custom""}], ""filterField"": ""pcd_type""}"
254,130,pg_group_info,Group Info,column,,0,true,"{""columns"": [{""label"": ""Group Name"", ""value"": ""product_group_name""}, {""label"": ""Description"", ""value"": ""product_group_description""}, {""label"": ""Products"", ""value"": ""products_count""}, {""label"": ""Product Group Type"", ""value"": ""product_group_type""}, {""label"": ""Strategies"", ""value"": ""strategies_count""}]}"
255,130,pg_hierarchy,Product Hierarchy,column,,1,true,"{""columns"": [{""label"": ""Brand"", ""value"": ""l0_name""}, {""label"": ""Division"", ""value"": ""l1_name""}, {""label"": ""Department"", ""value"": ""l2_name""}]}"
256,130,pg_audit,Audit,column,,2,true,"{""columns"": [{""label"": ""Created By"", ""value"": ""created_by_user""}, {""label"": ""Created On"", ""value"": ""created_at""}, {""label"": ""Modified By"", ""value"": ""modified_by_user""}, {""label"": ""Modified On"", ""value"": ""modified_at""}]}"
257,131,sg_group_info,Group Info,column,,0,true,"{""columns"": [{""label"": ""Group Name"", ""value"": ""store_group_name""}, {""label"": ""Description"", ""value"": ""store_group_description""}, {""label"": ""Stores"", ""value"": ""stores_count""}, {""label"": ""Strategies"", ""value"": ""strategies_count""}]}"
258,131,sg_hierarchy,Store Hierarchy,column,,1,true,"{""columns"": [{""label"": ""Region"", ""value"": ""s2_name""}, {""label"": ""Channel"", ""value"": ""s1_name""}]}"
259,131,sg_audit,Audit,column,,2,true,"{""columns"": [{""label"": ""Created By"", ""value"": ""created_by_user""}, {""label"": ""Created On"", ""value"": ""created_at""}, {""label"": ""Modified By"", ""value"": ""modified_by_user""}, {""label"": ""Modified On"", ""value"": ""modified_at""}]}"
306,151,basic_details,Basic Details,column,,0,true,"{""columns"": [{""label"": ""Event Name"", ""value"": ""event_name""}, {""label"": ""Offer Name"", ""value"": ""promo_name""}, {""label"": ""Customer Type"", ""value"": ""c0_names""}, {""label"": ""Customer Segment"", ""value"": ""c1_names""}, {""label"": ""Customer Tier"", ""value"": ""c2_names""}, {""label"": ""Start Date"", ""value"": ""start_date""}, {""label"": ""End Date"", ""value"": ""end_date""}, {""label"": ""Created By"", ""value"": ""created_by""}]}"
307,151,metrics,Metrics,column_group,,1,true,"{""mode"": ""existing"", ""columnGroups"": [{""label"": ""Promo $"", ""value"": ""promo_spend""}, {""label"": ""Revenue per SKU"", ""value"": ""revenue_per_sku""}, {""label"": ""Order Discount"", ""value"": ""order_discount""}, {""label"": ""Sales Units"", ""value"": ""sales_units""}, {""label"": ""Revenue"", ""value"": ""revenue""}, {""label"": ""Gross Margin $"", ""value"": ""gross_margin""}, {""label"": ""GM %"", ""value"": ""gm_percent""}, {""label"": ""Contributional Margin $"", ""value"": ""contribution_margin""}, {""label"": ""Contributional Margin %"", ""value"": ""contribution_margin_pct""}]}"
308,151,finalized_performance,Performance,row,,2,true,"{""values"": [{""label"": ""Dilutive"", ""value"": ""Dilutive""}, {""label"": ""Good"", ""value"": ""Good""}]}"
309,151,show,Show,column_group,,3,true,"{""mode"": ""custom"", ""customGroups"": [{""columns"": [""finalized_stack_promo_spend"", ""finalized_stack_revenue_per_style"", ""finalized_stack_order_discount"", ""original_stack_order_discount"", ""finalized_stack_sales_units"", ""finalized_stack_baseline_sales_units"", ""finalized_stack_incremental_sales_units"", ""finalized_stack_revenue"", ""finalized_stack_baseline_revenue"", ""finalized_stack_incremental_revenue"", ""finalized_stack_margin"", ""finalized_stack_baseline_margin"", ""finalized_stack_incremental_margin"", ""original_stack_margin"", ""finalized_stack_margin_percent"", ""finalized_stack_baseline_margin_percent"", ""finalized_stack_incremental_margin_percent"", ""finalized_stack_contribution_margin"", ""finalized_stack_contribution_margin_percent""], ""groupId"": ""stacked"", ""groupName"": ""Stacked""}, {""columns"": [""original_promo_spend"", ""original_order_discount"", ""original_sales_units"", ""original_revenue"", ""original_margin"", ""original_margin_percent"", ""original_contribution_margin_percent""], ""groupId"": ""original"", ""groupName"": ""Original #""}]}"
310,152,show,Show,column_group,,0,true,"{""mode"": ""custom"", ""customGroups"": [{""columns"": [""original_margin"", ""original_sales_units"", ""original_revenue""], ""groupId"": ""original"", ""groupName"": ""Original #""}, {""columns"": [""finalized_stack_sales_units"", ""finalized_stack_baseline_sales_units"", ""finalized_stack_revenue"", ""finalized_stack_baseline_revenue"", ""finalized_stack_margin"", ""finalized_stack_baseline_margin""], ""groupId"": ""stacked"", ""groupName"": ""Stacked""}]}"
312,154,status_id,View by,row,,0,true,"{""values"": [{""label"": ""Draft"", ""value"": ""0""}, {""label"": ""Ready for Submission"", ""value"": ""1""}, {""label"": ""Submitted"", ""value"": ""2""}, {""label"": ""Approved"", ""value"": ""3""}, {""label"": ""Approved with Changes"", ""value"": ""4""}, {""label"": ""Rejected"", ""value"": ""5""}, {""label"": ""Archived"", ""value"": ""6""}]}"
318,157,status_id,Status,row,,0,true,"{""values"": [{""label"": ""Placeholder"", ""value"": ""-1""}, {""label"": ""Draft/Copied"", ""value"": ""0""}, {""label"": ""To Finalize"", ""value"": ""2""}, {""label"": ""Finalize"", ""value"": ""4""}, {""label"": ""Archived"", ""value"": ""6""}, {""label"": ""Execution Approved"", ""value"": ""8""}]}"
319,157,view_by,View by,column_group,,1,true,"{""mode"": ""existing"", ""columnGroups"": [{""label"": ""Sales Units"", ""value"": ""sales_units""}, {""label"": ""Revenue"", ""value"": ""revenue""}, {""label"": ""Margin"", ""value"": ""margin""}, {""label"": ""GM %"", ""value"": ""gm_percent""}, {""label"": ""CM $"", ""value"": ""cm_dollar""}, {""label"": ""CM %"", ""value"": ""cm_percent""}, {""label"": ""test"", ""value"": ""test""}]}"
320,157,show,Show,column_group,,2,true,"{""mode"": ""custom"", ""customGroups"": [{""columns"": [""finalized_stack_promo_spend"", ""finalized_stack_sales_units"", ""finalized_stack_baseline_sales_units"", ""finalized_stack_revenue"", ""finalized_stack_baseline_revenue"", ""finalized_stack_margin"", ""finalized_stack_baseline_margin"", ""finalized_stack_margin_percent"", ""original_stack_contribution_margin"", ""finalized_stack_contribution_margin"", ""original_stack_margin_percent"", ""finalized_stack_contribution_margin_percent"", ""original_stack_contribution_margin_percent"", ""original_stack_margin"", ""original_stack_revenue"", ""original_stack_sales_units""], ""groupId"": ""stacked"", ""groupName"": ""Stacked""}, {""columns"": [""original_sales_units"", ""original_revenue"", ""original_margin"", ""original_margin_percent"", ""original_contribution_margin"", ""original_contribution_margin_percent""], ""groupId"": ""original"", ""groupName"": ""Original #""}]}"
