screen_code,screen_name,is_active,description,dimensions,application,label
9022,di_bigquery,TRUE,,,{131},
9024,sample_ingestion,TRUE,,,{131},
10016,Product Rules,TRUE,,{product},{3},
1,Dashboard,TRUE,,{},{},
2,Filter Configurations,TRUE,,{},{3},
42,FC status,TRUE,,{store},{3},
52,ada-visual,TRUE,ada visual,"{product,store}",{11},
10,Product Unit Definition,TRUE,,{},{3},
11,Inventory,TRUE,,"{product,store}",{3},
13,DC Mapping,TRUE,,{store},{3},
17,Dc Store,TRUE,,{store},{3},
18,DC FC,TRUE,,{store},{3},
20,DC to Product,TRUE,,{product},{3},
21,DC/FC  to Store Mapping,TRUE,,{},{3},
23,Product to ASN,TRUE,,{},{3},
25,Product to PO,TRUE,,{},{3},
28,Store to Product Mapping,TRUE,,{},{3},
337,Store Mapping Modify Screen,TRUE,Modify screen in Store mapping,"{""""}",{3},
3,All,TRUE,,{},{},
9001,application_access_management,TRUE,,,{6},
9002,configuration,TRUE,,,{131},
9003,sourcing,TRUE,,,{131},
9004,mlops_experimentation,TRUE,,,{132},
9005,mlops_lsi,TRUE,,,{132},
9006,derived_table_mapping,TRUE,,,{131},
9007,generic_schema_mapping,TRUE,,,{131},
9008,mlops_store_clustering,TRUE,,,{132},
9010,sourcing_configuration,TRUE,,,{131},
9011,generic_master_mapping,TRUE,,,{131},
9012,ingestion_configuration,TRUE,,,{131},
9013,generic_trigger_mapping,TRUE,,,{131},
9014,kpi_master,TRUE,,,{131},
9015,rule_master,TRUE,,,{131},
9016,custom_qc,TRUE,,,{131},
9017,data_source,TRUE,,,{131},
9021,review,TRUE,,,{131},
200,MFP Dashboard Filter,TRUE,,{},{2},
1203,Mojo Ticketing link,TRUE,Link to redirect to mojo ticketing system,{},{3},
1300,Overview,TRUE,overview home page,{},{8},
1301,Deep Dive,TRUE,deepdive screen with filters,"{product,store}",{8},
1302,Inventory,TRUE,Inventory related information,"{product,store}",{8},
301,Organization View,TRUE,ticket filter config,{},{3},
315,Individual View,TRUE,ticket,{},{3},
370,Raise a ticket,TRUE,Raise a ticket,"{""""}",{3},
371,View Ticket Reports,TRUE,View Ticket Reports,"{""""}",{3},
252,ps mapping modify rules,true,Product Store Mapping Modify Rules,{},{3},
44,VendorConfigurations,true,vendor configurations,"{product,others}",{3},
300,UAM screen,TRUE,plansmart tenant config,"{""""}",{3},
10150,Daily Allocation Summary Product View,true,,"{product,custom}",{3},
10151,Daily Allocation Summary Store View,true,,"{store,custom}",{3},
10000,Report Deep Dive Allocation,true,inventory smart report,"{product,store}",{3},
258,New Rule Creation PSM,true,"",{},{3},
201,AssortDashboard,TRUE,,{},{2},
202,Cluster Input,TRUE,,{},{2},
203,Finalize Cluster,TRUE,,{},{2},
204,Finalize Plan,TRUE,,{},{2},
205,Plan,TRUE,,{},{2},
206,Wedge,TRUE,,{},{2},
207,assort create plan,TRUE,,{},{2},
208,assort edit plan,TRUE,,{},{2},
209,assort create plan - hindsight,TRUE,,{},{2},
210,assort create plan - omnichannel,TRUE,,{},{2},
211,assort omni mapping,TRUE,,{},{2},
212,assort drop feature,TRUE,,{},{2},
213,AssortCoreChoiceDashboard,TRUE,assort core choice dashboard,{},{2},
214,Assort create core choice,TRUE,assort create core choice,{},{2},
215,Proposed Investment,TRUE,,{},{2},
216,assort omni dashboard filter,TRUE,,{},{2},
217,assort core choice dashboard filter,TRUE,,{},{2},
218,assort dashboard filter,TRUE,,{},{2},
219,assort pre season create plan,TRUE,,{},{2},
220,Omni Wedge,TRUE,,{},{2},
221,Oms Create Order,TRUE,Oms Create Order Screen,{product},{},
222,Spacesmart Dashboard Filter,TRUE,,{},{2},
223,cluster plan create,TRUE,,{},{2},
224,assort edit plan - hindsight,TRUE,,{},{2},
225,Depth & Choice,TRUE,,{},{2},
226,Hindsight View,TRUE,,{},{2},
305,cluster dashboard filter,true,,{},{2},
503,Strategy Dashboard Filter,true,,{},{2},