fc_code,name,screens,is_deleted,created_at,updated_at,created_by,updated_by,special_classification,description,application,dimensions,is_tool_edited
1,Rules Constraints,{316},FALSE,2022-07-11 12:20:40.178 +0530,2022-07-11 12:20:40.178 +0530,3,3,,,,,false
10019,Rules Constraint Filters,{316},FALSE,2024-02-22 14:39:44.666 +0530,2024-02-22 14:39:44.666 +0530,3,3,,,,{},false
10020,Exception Filters,{317},FALSE,2024-02-28 15:51:08.944 +0530,2024-02-28 15:51:08.944 +0530,3,3,,,,"{""""}",false
10151,Add Exception Product List Filters,{322},FALSE,2024-11-15 14:39:44.666 +0530,2024-11-15 14:39:44.666 +0530,3,3,,,,{},false
10150,Add Exception Store Filters,{320},FALSE,2024-04-17 19:00:59.517 +0530,2024-04-17 19:00:59.517 +0530,,,,,,{},false
10075,DC-Store-Policy-Strategy Filters,{325},FALSE,2024-11-14 13:50:41.883 +0530,2024-11-14 13:50:41.883 +0530,,,,,,,false
178,Inventorysmart Constraints User Reserve,{83},FALSE,2022-07-11 12:20:40.178 +0530,2022-07-11 12:20:40.178 +0530,3,3,,,,,false
200,Product Profile User Filters,{64},FALSE,2024-04-03 21:25:13.085 +0530,2024-04-03 21:25:13.085 +0530,3,3,,,,,false
10152,Excess Inventory Reports Filters,{323},false,2024-02-22 14:39:44.666 +0530,2024-02-22 14:39:44.666 +0530,3,3,,,,{},false
165,InventorySmartDashboard,{51},FALSE,2024-12-03 11:00:19.961 +0530,2024-12-03 11:00:19.961 +0530,3,3,,,,{},false
167,Create Product Profile,"{49,50}",false,2022-07-21 13:11:09.668 +0530,2026-02-09 21:35:29.717 +0530,251,251,,,1,"{product,store}",false
176,inventorysmart_reportings,{62},false,2025-01-01 14:29:23.243 +0530,2025-01-01 14:29:25.122 +0530,3,3,,,,,false
177,inventorysmart_view_past_allocations,{63},FALSE,2024-12-05 18:23:01.346 +0530,2024-12-05 18:23:01.346 +0530,3,3,,,,,false
10070,Report Lost Sales Filters,{321},false,2024-05-08 19:36:24.744 +0530,2024-05-08 19:36:24.744 +0530,3,3,,,,,false
10153,Inventorysmart Daily Allocation Reports,{80},FALSE,2024-05-02 12:16:38.828 +0530,2024-05-02 12:16:38.828 +0530,3,3,,,,,false
10154,inventorysmart_store_stock_drill_down,{71},false,2022-08-10 14:29:23.243 +0530,2022-08-10 14:29:25.122 +0530,3,3,,,1,"{product,store}",false
164,Allocation,{55},false,2022-07-05 14:41:57.399 +0530,2022-07-05 14:41:57.399 +0530,3,3,,,,,false
166,Product Profile Filters,{49},false,2022-07-21 13:10:18.765 +0530,2026-02-09 21:35:28.980 +0530,251,251,,,1,"{product,store}",false
112,asa,"{10,14,12,22,24}",false,2022-04-05 11:45:34.103 +0530,2022-05-25 13:29:48.873 +0530,3,3,,,,,false
149,Product mapping,{4},false,2024-09-06 12:48:54.349 +0530,2024-09-06 12:48:54.349 +0530,3,3,,,1,{product},false
184,Inventorysmart Configurations New Store,{104},false,2025-04-01 14:57:47.845 +0530,2025-04-01 14:57:47.845 +0530,251,251,,,1,{},false
183,New Store Sister Store,{107},false,2025-04-01 14:57:47.845 +0530,2025-04-01 14:57:47.845 +0530,251,251,,,1,{},false
10112,New Store Performance Tracking Report,{4007},false,2025-08-05 14:57:47.845 +0530,2025-08-05 14:57:47.845 +0530,251,251,,,1,{},false
199,review_forecast_side_panel,{2025},FALSE,2025-09-25 18:58:00.000 +0530,2025-09-25 18:58:00.000 +0530,251,251,,,1,{},false