"attribute_name","is_hierarchy","is_attribute","is_main_col","hierarchy_level","datatype","label","order_of_display","is_mandatory","module_code",attribute_dimension,extra
l0_name,true,true,false,,varchar,Division,1,true,170,product,"{""dimension"":""product_store""}"
brand,true,true,false,,varchar,Brand,2,false,170,product,
l1_name,true,true,false,,varchar,Department,3,false,170,product,
l2_name,false,true,false,,varchar,Subdepartment,4,false,170,product,
l3_id_name,false,true,false,,varchar,Class,5,false,170,product,
article,false,true,false,,varchar,Style Color,6,false,170,product,
size_name,false,true,false,,varchar,Size,7,false,170,product,
markdown_ind,true,true,false,,varchar,Markdown Type,8,false,170,product,
psa_name,false,true,false,,varchar,Store Grade,9,false,170,store,"{""dimension"":""product_store""}"
l0_name,true,true,false,,varchar,Division,1,true,10003,product,
brand,true,true,false,,varchar,Brand,2,false,10003,product,
l1_name,true,true,false,,varchar,Department,3,false,10003,product,
l2_name,false,true,false,,varchar,Subdepartment,4,false,10003,product,
l3_id_name,false,true,false,,varchar,Class,5,false,10003,product,
article,false,true,false,,varchar,Style Color,6,false,10003,product,