fc_code,label,column_name,type,display_type,level,dimension,is_mandatory,is_multiple_selection,range_min,range_max,default_value,is_disabled,is_clearable,display_order,is_required,extra,is_deleted
166,Value Stream,info_lifecycle_description,cascaded,dropdown,,product,false,true,,,,false,true,7,false,"",false
166,Sales Organisation,l0_name,cascaded,dropdown,,product,true,true,,,,false,true,1,false,"",false
166,Category,l1_name,cascaded,dropdown,,product,true,true,,,,false,true,2,false,"",false
166,Sub Category,l2_name,cascaded,dropdown,,product,true,true,,,,false,true,3,false,"",false
166,Brand,l3_name,cascaded,dropdown,,product,false,true,,,,false,true,4,false,"",false
166,Merchandise Category,l5_name,cascaded,dropdown,,product,false,true,,,,false,true,5,false,"",false
166,Local Flag,local_flag,cascaded,dropdown,,product,false,true,,,,false,true,6,false,"",false
10005,Sales Organisation,l0_name,cascaded,dropdown,,product,TRUE,FALSE,,,,FALSE,TRUE,1,FALSE,{},FALSE
10005,Category,l1_name,cascaded,dropdown,,product,TRUE,TRUE,,,,FALSE,TRUE,2,FALSE,{},FALSE
10005,Sub Category,l2_name,cascaded,dropdown,,product,TRUE,TRUE,,,,FALSE,TRUE,3,FALSE,{},FALSE
10005,Brand,l3_name,cascaded,dropdown,,product,FALSE,TRUE,,,,FALSE,TRUE,4,FALSE,{},FALSE
10005,Merchandise Category,l4_name,cascaded,dropdown,,product,FALSE,TRUE,,,,FALSE,TRUE,5,FALSE,{},FALSE
10005,Product Code,product_code,cascaded,dropdown,,product,FALSE,TRUE,,,,FALSE,TRUE,6,FALSE,{},FALSE
10004,Region,region_name,cascaded,dropdown,,store,FALSE,TRUE,,,,FALSE,TRUE,2,FALSE,{},FALSE
10004,Sales Organisation,sales_org_name,cascaded,dropdown,,store,TRUE,FALSE,,,,FALSE,TRUE,1,FALSE,{},FALSE
10004,Store Code,store_code,cascaded,dropdown,,store,FALSE,TRUE,,,,FALSE,TRUE,4,FALSE,{},FALSE
10004,Store Name,store_name,cascaded,dropdown,,store,FALSE,TRUE,,,,FALSE,TRUE,3,FALSE,{},FALSE
86,Region,region_name,cascaded,dropdown,,store,FALSE,TRUE,,,,FALSE,TRUE,2,FALSE,{},FALSE
86,Sales Organisation,sales_org_name,cascaded,dropdown,,store,TRUE,FALSE,,,,FALSE,TRUE,1,FALSE,{},FALSE
86,Store Code,store_code,cascaded,dropdown,,store,FALSE,TRUE,,,,FALSE,TRUE,4,FALSE,{},FALSE
86,Store Name,store_name,cascaded,dropdown,,store,FALSE,TRUE,,,,FALSE,TRUE,3,FALSE,{},FALSE
168,Store Closing Date,close_date,non-cascaded,rangePicker,,store,FALSE,FALSE,,,,FALSE,TRUE,3,FALSE,{},TRUE
168,DC Name,dc_name,cascaded,dropdown,,store,FALSE,TRUE,,,,FALSE,TRUE,2,FALSE,{},FALSE
168,Sales Organisation,sales_org_name,cascaded,dropdown,,store,FALSE,TRUE,,,,FALSE,TRUE,1,FALSE,{},FALSE
179,Sales Organisation,sales_org_name,cascaded,dropdown,,store,TRUE,FALSE,,,,FALSE,TRUE,1,FALSE,{},FALSE
179,Region,region_name,cascaded,dropdown,,store,FALSE,TRUE,,,,FALSE,TRUE,2,FALSE,{},FALSE
179,Store Code,store_code,cascaded,dropdown,,store,FALSE,TRUE,,,,FALSE,TRUE,3,FALSE,{},FALSE
179,Store Name,store_name,cascaded,dropdown,,store,FALSE,TRUE,,,,FALSE,TRUE,4,FALSE,{},FALSE
167,Sales Organisation,l0_name,cascaded,dropdown,,product,true,false,,,,false,true,1,false,"",false
167,Category,l1_name,cascaded,dropdown,,product,true,true,,,,false,true,2,false,"",false
167,Sub Category,l2_name,cascaded,dropdown,,product,true,true,,,,false,true,3,false,"",false
167,Brand,l3_name,cascaded,dropdown,,product,false,true,,,,false,true,4,false,"",false
167,Merchandise Category,l4_name,cascaded,dropdown,,product,false,true,,,,false,true,6,false,"",false
167,Store Type,channel,cascaded,dropdown,,store,true,false,,,,false,true,1,false,"",false
167,Region,region_name,cascaded,dropdown,,store,false,true,,,,false,true,2,false,"",false
167,Store Name,store_name,cascaded,dropdown,,store,false,true,,,,false,true,3,false,"",false
167,Product Code,product_code,cascaded,dropdown,,product,false,true,,,,false,true,5,false,"",false
211,Sales Organisation,l0_name,cascaded,dropdown,1,product,true,false,,,,false,true,1,false,"{}",false
211,Category,l1_name,cascaded,dropdown,1,product,true,true,,,,false,true,2,false,"{}",false
211,Sub Category,l2_name,cascaded,dropdown,1,product,true,true,,,,false,true,3,false,"{}",false
211,Brand,l3_name,cascaded,dropdown,1,product,false,true,,,,false,true,4,false,"{}",false
211,Merchandise Category,l4_name,cascaded,dropdown,1,product,false,true,,,,false,true,5,false,"{}",false
211,Local Flag,local_flag,cascaded,dropdown,1,product,false,true,,,,false,true,6,false,"{}",false
211,Value Stream,info_lifecycle_description,cascaded,dropdown,1,product,false,true,,,,false,true,7,false,"{}",false
112,DC Name,dc_name,cascaded,dropdown,,store,false,true,,,,false,true,2,false,"",false
112,Sales Organisation,sales_org_name,cascaded,dropdown,,store,false,true,,,,false,true,1,false,"",false
143,Sales Organisation,sales_org_name,cascaded,dropdown,1,store,TRUE,FALSE,,,,FALSE,TRUE,1,FALSE,{},FALSE
143,Region,region_name,cascaded,dropdown,1,store,FALSE,TRUE,,,,FALSE,TRUE,2,FALSE,{},FALSE
143,Store Name,store_name,cascaded,dropdown,1,store,FALSE,TRUE,,,,FALSE,TRUE,3,FALSE,{},FALSE
143,Store Code,store_code,cascaded,dropdown,1,store,FALSE,TRUE,,,,FALSE,TRUE,4,FALSE,{},FALSE
153,Sales Organisation,l0_name,cascaded,dropdown,1,product,TRUE,FALSE,,,,FALSE,TRUE,1,FALSE,{},FALSE
153,Category,l1_name,cascaded,dropdown,2,product,TRUE,TRUE,,,,FALSE,TRUE,2,FALSE,{},FALSE
153,Sub Category,l2_name,cascaded,dropdown,3,product,TRUE,TRUE,,,,FALSE,TRUE,3,FALSE,{},FALSE
153,Brand,l3_name,cascaded,dropdown,4,product,FALSE,TRUE,,,,FALSE,TRUE,4,FALSE,{},FALSE
153,Merchandise Category,l4_name,cascaded,dropdown,5,product,FALSE,TRUE,,,,FALSE,TRUE,5,FALSE,{},FALSE
153,Local Flag,local_flag,cascaded,dropdown,6,product,FALSE,TRUE,,,,FALSE,TRUE,6,FALSE,{},FALSE
153,Value Stream,info_lifecycle_description,cascaded,dropdown,7,product,FALSE,TRUE,,,,FALSE,TRUE,7,FALSE,{},FALSE
165,Merchandise Type,l0_name,cascaded,dropdown,1,product,false,true,,,,false,true,1,false,"{}",false
165,Brand Type,l1_name,cascaded,dropdown,2,product,false,true,,,,false,true,2,false,"{}",false
165,Brand / Franchise,l2_name,cascaded,dropdown,3,product,false,true,,,,false,true,3,false,"{}",false
165,Department,l3_name,cascaded,dropdown,4,product,false,true,,,,false,true,4,false,"{}",false
165,Primary Silhouette,l4_name,cascaded,dropdown,5,product,false,true,,,,false,true,5,false,"{}",false
165,Primary Style,l5_name,cascaded,dropdown,6,product,false,true,,,,false,true,6,false,"{}",false
165,Country,s0_name,cascaded,dropdown,7,store,false,true,,,,false,true,7,false,"{}",false
165,Channel,s1_name,cascaded,dropdown,8,store,false,true,,,,false,true,8,false,"{}",false