"attribute_name","is_hierarchy","is_attribute","is_main_col","hierarchy_level","datatype"
style_id,false,false,false,1,varchar[]
subclass,true,false,false,15,varchar[]
product_description,false,false,false,2,varchar[]
total_allocated_qty,false,false,false,20,int
store,false,false,false,21,varchar[]
inventory,false,true,true,3,varchar[]
no_allocated_articles,false,false,false,4,int
no_stores_allocated,false,false,false,5,int
l0_name,true,false,false,6,varchar[]
l1_name,true,false,false,7,varchar[]
l2_name,true,false,false,8,varchar[]
l3_name,true,false,false,9,varchar[]
style_name,true,false,false,10,varchar[]
color_id,false,false,false,11,varchar[]
style_type,false,false,false,12,varchar[]
replenish_status,true,false,false,13,varchar[]
f_style_fabric,false,false,false,14,varchar[]
s0_name,true,false,false,15,varchar[]
style,false,false,false,17,varchar[]
store_group,false,false,false,18,varchar[]
product_group,false,true,true,19,varchar[]
state,false,true,true,22,varchar[]
released_at,false,true,true,23,varchar
channel,false,true,true,24,varchar[]
city,false,true,true,25,varchar[]
store_name,false,true,true,26,varchar[]
custom_store_group,false,true,true,27,varchar[]
article,false,true,true,28,varchar[]
inventory_source,false,true,true,29,varchar[]
released_by,false,true,true,30,int
store_level_data,false,true,true,31,varchar[]
store_code,false,true,true,32,varchar[]
cancel_date,false,true,true,33,varchar[]
allocation_type,false,true,true,34,varchar
shipping_date,false,true,true,35,varchar[]
country,false,true,true,36,varchar[]
planned_clearance_date,false,true,true,37,varchar[]
s2_name,false,true,true,38,varchar[]
channel,false,true,true,39,varchar[]
s1_name,false,true,true,40,varchar[]
