"template_id","screen_id","is_pivot","view_details","created_at","updated_at"
1,1,false,"{
   ""view_settings"":[
      {
         ""key"":""timeline"",
         ""title"":""Timeline Hierarchy"",
         ""options"":[
            {
               ""label"":""Weeks"",
               ""checked"":true,
               ""category"":""week""
            },
            {
               ""label"":""Month"",
               ""checked"":true,
               ""category"":""month""
            },
            {
               ""label"":""Quarter"",
               ""checked"":true,
               ""category"":""quarter""
            },
            {
               ""label"":""Half year"",
               ""checked"":true,
               ""category"":""season""
            },
            {
               ""label"":""Year"",
               ""checked"":true,
               ""category"":""year""
            },
            {
               ""label"":""Grand Total"",
               ""checked"":true,
               ""category"":""grand_total""
            }
         ],
         ""viewType"":""checkbox-list"",
         ""accessorType"":""column""
      },
      {
         ""key"":""product"",
         ""order"":1,
         ""title"":""Product Hierarchy"",
         ""options"":[
            {
               ""label"":""Department"",
               ""checked"":true,
               ""category"":""l2_name""
            },
            {
               ""label"":""Class"",
               ""checked"":true,
               ""category"":""l3_name""
            }
         ],
         ""viewType"":""checkbox-list"",
         ""accessorType"":""column""
      },
      {
         ""key"":""channel"",
         ""title"":""Channel Hierarchy"",
         ""options"":[
            {
               ""label"":""Individual"",
               ""checked"":true,
               ""category"":""individual""
            },
            {
               ""label"":""Omni"",
               ""checked"":true,
               ""category"":""total""
            }
         ],
         ""viewType"":""checkbox-list"",
         ""accessorType"":""column""
      },
      {
         ""key"":""showValues"",
         ""title"":""Show values as"",
         ""options"":[
            {
               ""label"":""Absolute"",
               ""checked"":true,
               ""category"":""absolute""
            },
            {
               ""label"":""Cont % to Omni"",
               ""checked"":true,
               ""category"":""channel-cont""
            },
            {
               ""label"":""Cont % to Ttl"",
               ""checked"":true,
               ""category"":""class-cont""
            }
         ],
         ""viewType"":""checkbox-list"",
         ""accessorType"":""column""
      },
      {
         ""key"":""version"",
         ""title"":""Version"",
         ""selected"":true,
         ""viewType"":""toggle"",
         ""accessorType"":""row""
      },
      {
         ""key"":""variance"",
         ""title"":""Variance"",
         ""selected"":true,
         ""viewType"":""toggle"",
         ""accessorType"":""row""
      }
   ]
}",2025-03-17 13:06:04.511,2025-03-17 13:06:04.511
2,2,false,"{
   ""view_settings"":[
      {
         ""key"":""timeline"",
         ""title"":""Timeline Hierarchy"",
         ""options"":[
            {
               ""label"":""Weeks"",
               ""checked"":true,
               ""category"":""week""
            },
            {
               ""label"":""Month"",
               ""checked"":true,
               ""category"":""month""
            },
            {
               ""label"":""Quarter"",
               ""checked"":true,
               ""category"":""quarter""
            },
            {
               ""label"":""Half year"",
               ""checked"":true,
               ""category"":""season""
            },
            {
               ""label"":""Year"",
               ""checked"":true,
               ""category"":""year""
            },
            {
               ""label"":""Grand Total"",
               ""checked"":true,
               ""category"":""grand_total""
            }
         ],
         ""viewType"":""checkbox-list"",
         ""accessorType"":""column""
      },
      {
         ""key"":""product"",
         ""order"":1,
         ""title"":""Product Hierarchy"",
         ""options"":[
            {
               ""label"":""Department"",
               ""checked"":true,
               ""category"":""l2_name""
            },
            {
               ""label"":""Class"",
               ""checked"":true,
               ""category"":""l3_name""
            }
         ],
         ""viewType"":""checkbox-list"",
         ""accessorType"":""column""
      },
      {
         ""key"":""channel"",
         ""title"":""Channel Hierarchy"",
         ""options"":[
            {
               ""label"":""Individual"",
               ""checked"":true,
               ""category"":""individual""
            },
            {
               ""label"":""Omni"",
               ""checked"":true,
               ""category"":""total""
            }
         ],
         ""viewType"":""checkbox-list"",
         ""accessorType"":""column""
      },
      {
         ""key"":""showValues"",
         ""title"":""Show values as"",
         ""options"":[
            {
               ""label"":""Absolute"",
               ""checked"":true,
               ""category"":""absolute""
            },
            {
               ""label"":""Cont % to Omni"",
               ""checked"":true,
               ""category"":""channel-cont""
            },
            {
               ""label"":""Cont % to Ttl"",
               ""checked"":true,
               ""category"":""class-cont""
            }
         ],
         ""viewType"":""checkbox-list"",
         ""accessorType"":""column""
      },
      {
         ""key"":""version"",
         ""title"":""Version"",
         ""selected"":true,
         ""viewType"":""toggle"",
         ""accessorType"":""row""
      },
      {
         ""key"":""variance"",
         ""title"":""Variance"",
         ""selected"":true,
         ""viewType"":""toggle"",
         ""accessorType"":""row""
      }
   ]
}",2025-03-17 13:06:04.511,2025-03-17 13:06:04.511
3,3,false,"{
   ""view_settings"":[
      {
         ""key"":""timeline"",
         ""title"":""Timeline Hierarchy"",
         ""options"":[
            {
               ""label"":""Weeks"",
               ""checked"":true,
               ""category"":""week""
            },
            {
               ""label"":""Month"",
               ""checked"":true,
               ""category"":""month""
            },
            {
               ""label"":""Quarter"",
               ""checked"":true,
               ""category"":""quarter""
            },
            {
               ""label"":""Half year"",
               ""checked"":true,
               ""category"":""season""
            },
            {
               ""label"":""Year"",
               ""checked"":true,
               ""category"":""year""
            },
            {
               ""label"":""Grand Total"",
               ""checked"":true,
               ""category"":""grand_total""
            }
         ],
         ""viewType"":""checkbox-list"",
         ""accessorType"":""column""
      },
      {
         ""key"":""product"",
         ""order"":1,
         ""title"":""Product Hierarchy"",
         ""options"":[
            {
               ""label"":""Ttl Company"",
               ""checked"":true,
               ""category"":""l0_name""
            },
            {
               ""label"":""Division"",
               ""checked"":true,
               ""category"":""l1_name""
            },
            {
               ""label"":""Department"",
               ""checked"":true,
               ""category"":""l2_name""
            }
         ],
         ""viewType"":""checkbox-list"",
         ""accessorType"":""column""
      },
      {
         ""key"":""channel"",
         ""title"":""Channel Hierarchy"",
         ""options"":[
            {
               ""label"":""Individual"",
               ""checked"":true,
               ""category"":""individual""
            },
            {
               ""label"":""Omni"",
               ""checked"":true,
               ""category"":""total""
            }
         ],
         ""viewType"":""checkbox-list"",
         ""accessorType"":""column""
      },
      {
         ""key"":""showValues"",
         ""title"":""Show values as"",
         ""options"":[
            {
               ""label"":""Absolute"",
               ""checked"":true,
               ""category"":""absolute""
            },
            {
               ""label"":""Cont % to Omni"",
               ""checked"":true,
               ""category"":""channel-cont""
            },
            {
               ""label"":""Cont % to Ttl"",
               ""checked"":true,
               ""category"":""class-cont""
            }
         ],
         ""viewType"":""checkbox-list"",
         ""accessorType"":""column""
      },
      {
         ""key"":""version"",
         ""title"":""Version"",
         ""selected"":true,
         ""viewType"":""toggle"",
         ""accessorType"":""row""
      },
      {
         ""key"":""variance"",
         ""title"":""Variance"",
         ""selected"":true,
         ""viewType"":""toggle"",
         ""accessorType"":""row""
      }
   ]
}",2025-03-17 13:06:04.511,2025-03-17 13:06:04.511
4,4,false,"{
   ""view_settings"":[
      {
         ""key"":""timeline"",
         ""title"":""Timeline Hierarchy"",
         ""options"":[
            {
               ""label"":""Weeks"",
               ""checked"":true,
               ""category"":""week""
            },
            {
               ""label"":""Month"",
               ""checked"":true,
               ""category"":""month""
            },
            {
               ""label"":""Quarter"",
               ""checked"":true,
               ""category"":""quarter""
            },
            {
               ""label"":""Half year"",
               ""checked"":true,
               ""category"":""season""
            },
            {
               ""label"":""Year"",
               ""checked"":true,
               ""category"":""year""
            },
            {
               ""label"":""Grand Total"",
               ""checked"":true,
               ""category"":""grand_total""
            }
         ],
         ""viewType"":""checkbox-list"",
         ""accessorType"":""column""
      },
      {
         ""key"":""product"",
         ""order"":1,
         ""title"":""Product Hierarchy"",
         ""options"":[
            {
               ""label"":""Department"",
               ""checked"":true,
               ""category"":""l2_name""
            },
            {
               ""label"":""Class"",
               ""checked"":true,
               ""category"":""l3_name""
            }
         ],
         ""viewType"":""checkbox-list"",
         ""accessorType"":""column""
      },
      {
         ""key"":""channel"",
         ""title"":""Channel Hierarchy"",
         ""options"":[
            {
               ""label"":""Individual"",
               ""checked"":true,
               ""category"":""individual""
            },
            {
               ""label"":""Omni"",
               ""checked"":true,
               ""category"":""total""
            }
         ],
         ""viewType"":""checkbox-list"",
         ""accessorType"":""column""
      },
      {
         ""key"":""showValues"",
         ""title"":""Show values as"",
         ""options"":[
            {
               ""label"":""Absolute"",
               ""checked"":true,
               ""category"":""absolute""
            },
            {
               ""label"":""Cont % to Omni"",
               ""checked"":true,
               ""category"":""channel-cont""
            },
            {
               ""label"":""Cont % to Ttl"",
               ""checked"":true,
               ""category"":""class-cont""
            }
         ],
         ""viewType"":""checkbox-list"",
         ""accessorType"":""column""
      },
      {
         ""key"":""version"",
         ""title"":""Version"",
         ""selected"":true,
         ""viewType"":""toggle"",
         ""accessorType"":""row""
      },
      {
         ""key"":""variance"",
         ""title"":""Variance"",
         ""selected"":true,
         ""viewType"":""toggle"",
         ""accessorType"":""row""
      }
   ]
}",2025-03-17 13:06:04.511,2025-03-17 13:06:04.511
5,5,false,"{
   ""view_settings"":[
      {
         ""key"":""timeline"",
         ""title"":""Timeline Hierarchy"",
         ""options"":[
            {
               ""label"":""Weeks"",
               ""checked"":true,
               ""category"":""week""
            },
            {
               ""label"":""Month"",
               ""checked"":true,
               ""category"":""month""
            },
            {
               ""label"":""Quarter"",
               ""checked"":true,
               ""category"":""quarter""
            },
            {
               ""label"":""Half year"",
               ""checked"":true,
               ""category"":""season""
            },
            {
               ""label"":""Year"",
               ""checked"":true,
               ""category"":""year""
            },
            {
               ""label"":""Grand Total"",
               ""checked"":true,
               ""category"":""grand_total""
            }
         ],
         ""viewType"":""checkbox-list"",
         ""accessorType"":""column""
      },
      {
         ""key"":""product"",
         ""order"":1,
         ""title"":""Product Hierarchy"",
         ""options"":[
            {
               ""label"":""Department"",
               ""checked"":true,
               ""category"":""l2_name""
            },
            {
               ""label"":""Class"",
               ""checked"":true,
               ""category"":""l3_name""
            }
         ],
         ""viewType"":""checkbox-list"",
         ""accessorType"":""column""
      },
      {
         ""key"":""channel"",
         ""title"":""Channel Hierarchy"",
         ""options"":[
            {
               ""label"":""Individual"",
               ""checked"":true,
               ""category"":""individual""
            },
            {
               ""label"":""Omni"",
               ""checked"":true,
               ""category"":""total""
            }
         ],
         ""viewType"":""checkbox-list"",
         ""accessorType"":""column""
      },
      {
         ""key"":""showValues"",
         ""title"":""Show values as"",
         ""options"":[
            {
               ""label"":""Absolute"",
               ""checked"":true,
               ""category"":""absolute""
            },
            {
               ""label"":""Cont % to Omni"",
               ""checked"":true,
               ""category"":""channel-cont""
            },
            {
               ""label"":""Cont % to Ttl"",
               ""checked"":true,
               ""category"":""class-cont""
            }
         ],
         ""viewType"":""checkbox-list"",
         ""accessorType"":""column""
      },
      {
         ""key"":""version"",
         ""title"":""Version"",
         ""selected"":true,
         ""viewType"":""toggle"",
         ""accessorType"":""row""
      },
      {
         ""key"":""variance"",
         ""title"":""Variance"",
         ""selected"":true,
         ""viewType"":""toggle"",
         ""accessorType"":""row""
      }
   ]
}",2025-03-17 13:06:04.511,2025-03-17 13:06:04.511
6,6,false,"{
  ""view_settings"": [
    {
      ""key"": ""timeline"",
      ""title"": ""Timeline Hierarchy"",
      ""options"": [
        {
          ""label"": ""Weeks"",
          ""checked"": true,
          ""category"": ""week""
        },
        {
          ""label"": ""Month"",
          ""checked"": true,
          ""category"": ""month""
        },
        {
          ""label"": ""Quarter"",
          ""checked"": true,
          ""category"": ""quarter""
        },
        {
          ""label"": ""Half year"",
          ""checked"": true,
          ""category"": ""season""
        },
        {
          ""label"": ""Year"",
          ""checked"": true,
          ""category"": ""year""
        },
        {
          ""label"": ""Grand Total"",
          ""checked"": true,
          ""category"": ""grand_total""
        }
      ],
      ""viewType"": ""checkbox-list"",
      ""accessorType"": ""column""
    },
    {
      ""key"": ""product"",
      ""order"": 1,
      ""title"": ""Product Hierarchy"",
      ""options"": [
        {
          ""label"": ""Department"",
          ""checked"": true,
          ""category"": ""l2_name""
        },
        {
          ""label"": ""Class"",
          ""checked"": true,
          ""category"": ""l3_name""
        }
      ],
      ""viewType"": ""checkbox-list"",
      ""accessorType"": ""column""
    },
    {
      ""key"": ""channel"",
      ""title"": ""Channel Hierarchy"",
      ""options"": [
        {
          ""label"": ""Individual"",
          ""checked"": true,
          ""category"": ""individual""
        },
        {
          ""label"": ""Omni"",
          ""checked"": true,
          ""category"": ""total""
        }
      ],
      ""viewType"": ""checkbox-list"",
      ""accessorType"": ""column""
    },
    {
      ""key"": ""showValues"",
      ""title"": ""Show values as"",
      ""options"": [
        {
          ""label"": ""Absolute"",
          ""checked"": true,
          ""category"": ""absolute""
        },
        {
          ""label"": ""Cont % to Omni"",
          ""checked"": true,
          ""category"": ""channel-cont""
        },
        {
          ""label"": ""Cont % to Ttl"",
          ""checked"": true,
          ""category"": ""class-cont""
        }
      ],
      ""viewType"": ""checkbox-list"",
      ""accessorType"": ""column""
    },
    {
      ""key"": ""version"",
      ""title"": ""Version"",
      ""selected"": true,
      ""viewType"": ""toggle"",
      ""accessorType"": ""row""
    },
    {
      ""key"": ""variance"",
      ""title"": ""Variance"",
      ""selected"": true,
      ""viewType"": ""toggle"",
      ""accessorType"": ""row""
    }
  ]
}",2025-03-17 13:06:04.511,2025-03-17 13:06:04.511
7,7,false,"{
  ""view_settings"": [
    {
      ""key"": ""timeline"",
      ""title"": ""Timeline Hierarchy"",
      ""options"": [
        {
          ""label"": ""Weeks"",
          ""checked"": true,
          ""category"": ""week""
        },
        {
          ""label"": ""Month"",
          ""checked"": true,
          ""category"": ""month""
        },
        {
          ""label"": ""Quarter"",
          ""checked"": true,
          ""category"": ""quarter""
        },
        {
          ""label"": ""Half year"",
          ""checked"": true,
          ""category"": ""season""
        },
        {
          ""label"": ""Year"",
          ""checked"": true,
          ""category"": ""year""
        },
        {
          ""label"": ""Grand Total"",
          ""checked"": true,
          ""category"": ""grand_total""
        }
      ],
      ""viewType"": ""checkbox-list"",
      ""accessorType"": ""column""
    },
    {
      ""key"": ""product"",
      ""order"": 1,
      ""title"": ""Product Hierarchy"",
      ""options"": [
        {
          ""label"": ""Department"",
          ""checked"": true,
          ""category"": ""l2_name""
        },
        {
          ""label"": ""Class"",
          ""checked"": true,
          ""category"": ""l3_name""
        }
      ],
      ""viewType"": ""checkbox-list"",
      ""accessorType"": ""column""
    },
    {
      ""key"": ""channel"",
      ""title"": ""Channel Hierarchy"",
      ""options"": [
        {
          ""label"": ""Individual"",
          ""checked"": true,
          ""category"": ""individual""
        },
        {
          ""label"": ""Omni"",
          ""checked"": true,
          ""category"": ""total""
        }
      ],
      ""viewType"": ""checkbox-list"",
      ""accessorType"": ""column""
    },
    {
      ""key"": ""showValues"",
      ""title"": ""Show values as"",
      ""options"": [
        {
          ""label"": ""Absolute"",
          ""checked"": true,
          ""category"": ""absolute""
        },
        {
          ""label"": ""Cont % to Omni"",
          ""checked"": true,
          ""category"": ""channel-cont""
        },
        {
          ""label"": ""Cont % to Ttl"",
          ""checked"": true,
          ""category"": ""class-cont""
        }
      ],
      ""viewType"": ""checkbox-list"",
      ""accessorType"": ""column""
    },
    {
      ""key"": ""version"",
      ""title"": ""Version"",
      ""selected"": true,
      ""viewType"": ""toggle"",
      ""accessorType"": ""row""
    },
    {
      ""key"": ""variance"",
      ""title"": ""Variance"",
      ""selected"": true,
      ""viewType"": ""toggle"",
      ""accessorType"": ""row""
    }
  ]
}",2025-03-17 13:06:04.511,2025-03-17 13:06:04.511
