"screen_code","screen_name","is_active","description","dimensions","application","label"
400,Plansmart Tenant Config,true,plansmart tenant config,"{""""}",{4},
401,Plansmart Dashboard,true,"",{},{4},
402,Plansmart MasterPlan,true,"",{},{4},
403,plansmart create plan,true,"",{},{4},
404,Pre-Season Planning,true,Pre-Season Planning,,{4},
405,Plansmart Target Plan,true,"",{},{4},
406,Report,true,"","{""""}",{4},
407,plansmart otb report,true,,"{""""}",{4},
408,plansmart executive report,true,,"{""""}",{4},
409,plansmart report types,true,,,{4},
410,plansmart rollup report,true,,,{4},
411,plansmart create receipt plan,true,,{},{4},
412,Chatbot,true,Chatbot screen config,{},{4},
413,In-Season Planning,true,In-Season Planning,{},{4},
414,Target Planning,true,Target Planning,{},{4},
453,plansmart report types,true,,,{4},
451,plansmart_otb_report,true,,"{""""}",{4},
